protein_gnina_types,ligand_gnina_types,gauss(o=0__w=0.5__c=8),gauss(o=3__w=2__c=8),repulsion(o=0__c=8),hydrophobic(g=0.5__b=1.5__c=8),non_hydrophobic(g=0.5__b=1.5__c=8),vdw(i=4__j=8__s=0__^=100__c=8),vdw(i=6__j=12__s=1__^=100__c=8),atom_type_gaussian(t1=AliphaticCarbonXSHydrophobe_t2=AliphaticCarbonXSHydrophobe_o=0__w=1__c=8),atom_type_gaussian(t1=AliphaticCarbonXSHydrophobe_t2=AliphaticCarbonXSNonHydrophobe_o=0__w=1__c=8),atom_type_gaussian(t1=AliphaticCarbonXSNonHydrophobe_t2=AliphaticCarbonXSNonHydrophobe_o=0__w=1__c=8),atom_type_gaussian(t1=AliphaticCarbonXSHydrophobe_t2=AromaticCarbonXSHydrophobe_o=0__w=1__c=8),atom_type_gaussian(t1=AliphaticCarbonXSNonHydrophobe_t2=AromaticCarbonXSHydrophobe_o=0__w=1__c=8),atom_type_gaussian(t1=AromaticCarbonXSHydrophobe_t2=AromaticCarbonXSHydrophobe_o=0__w=1__c=8),atom_type_gaussian(t1=AliphaticCarbonXSHydrophobe_t2=AromaticCarbonXSNonHydrophobe_o=0__w=1__c=8),atom_type_gaussian(t1=AliphaticCarbonXSNonHydrophobe_t2=AromaticCarbonXSNonHydrophobe_o=0__w=1__c=8),atom_type_gaussian(t1=AromaticCarbonXSHydrophobe_t2=AromaticCarbonXSNonHydrophobe_o=0__w=1__c=8),atom_type_gaussian(t1=AromaticCarbonXSNonHydrophobe_t2=AromaticCarbonXSNonHydrophobe_o=0__w=1__c=8),atom_type_gaussian(t1=AliphaticCarbonXSHydrophobe_t2=Nitrogen_o=0__w=1__c=8),atom_type_gaussian(t1=AliphaticCarbonXSNonHydrophobe_t2=Nitrogen_o=0__w=1__c=8),atom_type_gaussian(t1=AromaticCarbonXSHydrophobe_t2=Nitrogen_o=0__w=1__c=8),atom_type_gaussian(t1=AromaticCarbonXSNonHydrophobe_t2=Nitrogen_o=0__w=1__c=8),atom_type_gaussian(t1=Nitrogen_t2=Nitrogen_o=0__w=1__c=8),atom_type_gaussian(t1=AliphaticCarbonXSHydrophobe_t2=Sulfur_o=0__w=1__c=8),atom_type_gaussian(t1=AliphaticCarbonXSNonHydrophobe_t2=Sulfur_o=0__w=1__c=8),atom_type_gaussian(t1=AromaticCarbonXSHydrophobe_t2=Sulfur_o=0__w=1__c=8),atom_type_gaussian(t1=AromaticCarbonXSNonHydrophobe_t2=Sulfur_o=0__w=1__c=8),atom_type_gaussian(t1=Nitrogen_t2=Sulfur_o=0__w=1__c=8),atom_type_gaussian(t1=Sulfur_t2=Sulfur_o=0__w=1__c=8),atom_type_gaussian(t1=AliphaticCarbonXSHydrophobe_t2=Phosphorus_o=0__w=1__c=8),atom_type_gaussian(t1=AliphaticCarbonXSNonHydrophobe_t2=Phosphorus_o=0__w=1__c=8),atom_type_gaussian(t1=AromaticCarbonXSHydrophobe_t2=Phosphorus_o=0__w=1__c=8),atom_type_gaussian(t1=AromaticCarbonXSNonHydrophobe_t2=Phosphorus_o=0__w=1__c=8),atom_type_gaussian(t1=Nitrogen_t2=Phosphorus_o=0__w=1__c=8),atom_type_gaussian(t1=Sulfur_t2=Phosphorus_o=0__w=1__c=8),atom_type_gaussian(t1=AliphaticCarbonXSHydrophobe_t2=Fluorine_o=0__w=1__c=8),atom_type_gaussian(t1=AliphaticCarbonXSNonHydrophobe_t2=Fluorine_o=0__w=1__c=8),atom_type_gaussian(t1=AromaticCarbonXSHydrophobe_t2=Fluorine_o=0__w=1__c=8),atom_type_gaussian(t1=AromaticCarbonXSNonHydrophobe_t2=Fluorine_o=0__w=1__c=8),atom_type_gaussian(t1=Nitrogen_t2=Fluorine_o=0__w=1__c=8),atom_type_gaussian(t1=Sulfur_t2=Fluorine_o=0__w=1__c=8),atom_type_gaussian(t1=AliphaticCarbonXSHydrophobe_t2=Chlorine_o=0__w=1__c=8),atom_type_gaussian(t1=AliphaticCarbonXSNonHydrophobe_t2=Chlorine_o=0__w=1__c=8),atom_type_gaussian(t1=AromaticCarbonXSHydrophobe_t2=Chlorine_o=0__w=1__c=8),atom_type_gaussian(t1=AromaticCarbonXSNonHydrophobe_t2=Chlorine_o=0__w=1__c=8),atom_type_gaussian(t1=Nitrogen_t2=Chlorine_o=0__w=1__c=8),atom_type_gaussian(t1=Sulfur_t2=Chlorine_o=0__w=1__c=8),atom_type_gaussian(t1=AliphaticCarbonXSHydrophobe_t2=Bromine_o=0__w=1__c=8),atom_type_gaussian(t1=AliphaticCarbonXSNonHydrophobe_t2=Bromine_o=0__w=1__c=8),atom_type_gaussian(t1=AromaticCarbonXSHydrophobe_t2=Bromine_o=0__w=1__c=8),atom_type_gaussian(t1=AromaticCarbonXSNonHydrophobe_t2=Bromine_o=0__w=1__c=8),atom_type_gaussian(t1=Sulfur_t2=Bromine_o=0__w=1__c=8),atom_type_gaussian(t1=AliphaticCarbonXSHydrophobe_t2=Magnesium_o=0__w=1__c=8),atom_type_gaussian(t1=AliphaticCarbonXSNonHydrophobe_t2=Magnesium_o=0__w=1__c=8),atom_type_gaussian(t1=AromaticCarbonXSNonHydrophobe_t2=Magnesium_o=0__w=1__c=8),atom_type_gaussian(t1=Phosphorus_t2=Magnesium_o=0__w=1__c=8),atom_type_gaussian(t1=AliphaticCarbonXSNonHydrophobe_t2=Manganese_o=0__w=1__c=8),atom_type_gaussian(t1=AliphaticCarbonXSHydrophobe_t2=Zinc_o=0__w=1__c=8),atom_type_gaussian(t1=AliphaticCarbonXSNonHydrophobe_t2=Zinc_o=0__w=1__c=8),atom_type_gaussian(t1=AromaticCarbonXSHydrophobe_t2=Zinc_o=0__w=1__c=8),atom_type_gaussian(t1=AromaticCarbonXSNonHydrophobe_t2=Zinc_o=0__w=1__c=8),atom_type_gaussian(t1=Nitrogen_t2=Zinc_o=0__w=1__c=8),atom_type_gaussian(t1=Sulfur_t2=Zinc_o=0__w=1__c=8),atom_type_gaussian(t1=AliphaticCarbonXSNonHydrophobe_t2=GenericMetal_o=0__w=1__c=8),num_heavy_atoms,num_tors_add,num_hydrophobic_atoms,ligand_length
1.pdbbind2020/v2020-other-PL/2wih/2wih_protein.gninatypes,1.pdbbind2020/v2020-other-PL/2wih/2wih_ligand.gninatypes,0.9521098732948303,3.483461856842041,0.007717841770499945,0.69418865442276,1.1419191360473633,-0.1621256023645401,-0.01019161008298397,-0.16882291436195374,0.39320242404937744,-0.431039035320282,-0.4697600305080414,0.1013013944029808,-0.06611937284469604,0.8470882177352905,-0.4980826675891876,0.024265823885798454,-0.0033667832612991333,-0.3245266377925873,0.05864459648728371,2.7789315936388448e-05,-5.2186383982189e-05,0.0,-0.0,-0.0,0.0,0.0,-0.0,0.0,0.0,-0.0,-0.0,-0.0,-0.0,-0.0,0.0,-0.0,-0.0,-0.0,0.0,-0.0,-0.0,-0.0,-0.0,-0.0,-0.0,0.0,-0.0,-0.0,-0.0,0.0,-0.0,-0.0,0.0,0.0,-0.0,0.0,-0.0,0.0,-0.0,0.0,-0.0,0.0,0.0,1.9542733430862427,-0.23170877993106842,0.37880346179008484,0.03726400062441826
1.pdbbind2020/v2020-other-PL/5ai4/5ai4_protein.gninatypes,1.pdbbind2020/v2020-other-PL/5ai4/5ai4_ligand.gninatypes,0.5556832551956177,1.9506393671035767,-0.00021552733960561454,0.3461485505104065,1.4001346826553345,-0.05925788730382919,-0.1089491918683052,-0.0,-0.0010430164402350783,-0.11375295370817184,-0.039815690368413925,0.20151594281196594,-0.07194426655769348,-0.026073362678289413,-0.4997108280658722,0.39123255014419556,-0.15270844101905823,-0.3669795095920563,-0.04168703407049179,-0.1153949424624443,0.05792615935206413,0.0,0.0,-0.0012750824680551887,0.1355052888393402,0.06958380341529846,0.0010361713357269764,-0.0,0.0,0.0,0.0,-0.0,-0.0,0.0,0.0,0.0,-0.0,-0.0,-0.0,0.0,-0.0,0.0,-0.0,0.0,-0.0,-0.0,-0.007485250011086464,-0.0011994338128715754,-8.013782644411549e-05,0.0003737754304893315,-0.28347641229629517,-0.0,0.0,0.0,0.0,0.0,-0.0,-0.0,-0.0,0.0,0.0,0.0,0.0,0.9912821054458618,-0.29454442858695984,0.2799220085144043,-0.03900507092475891
1.pdbbind2020/v2020-other-PL/2os9/2os9_protein.gninatypes,1.pdbbind2020/v2020-other-PL/2os9/2os9_ligand.gninatypes,0.29620328545570374,0.6678128242492676,0.02376113273203373,0.0,1.1469556093215942,-0.08723611384630203,-0.15492647886276245,0.0,0.13000135123729706,-0.2371317744255066,0.0,3.81132704205811e-05,0.0,0.0,0.0,0.0,0.0,0.0,-0.0,-0.0,0.0,-0.0,0.0,0.0,0.0,-0.0,0.0,-0.0,0.0,0.0,-0.0,0.0,-0.0,0.0,-0.0,-0.0,-0.0,-0.0,-0.0,-0.0,-0.0,-0.0,-0.0,0.0,-0.0,-0.0,0.0,-0.0,0.0,-0.0,-0.0,-0.0,-0.0,0.0,-0.0,0.0,-0.0,0.0,-0.0,0.0,0.0,-0.0,0.0,0.9905990362167358,-0.0,0.0,0.0
1.pdbbind2020/refined-set/4qp2/4qp2_protein.gninatypes,1.pdbbind2020/refined-set/4qp2/4qp2_ligand.gninatypes,0.18494372069835663,2.032893180847168,0.007258502766489983,0.3450412154197693,0.7289043664932251,-0.08846455812454224,-0.05736028030514717,-0.0,0.0,-0.0,-0.2103804647922516,-0.006364135071635246,-0.0,0.25565168261528015,-0.2806382179260254,-0.0,-0.0,-0.0,-0.0,-0.0,0.0,0.0,0.0,0.0,1.3212678595664329e-06,-0.0003562832425814122,0.0,0.0,0.0,-0.0,-0.0,0.0,-0.0,-0.0,-0.0,0.0,-0.0,-0.0,0.0,-0.0,-0.17797714471817017,0.030876215547323227,-0.0,0.0,-0.0,0.0,0.0,-0.0,-0.0,-0.0,-0.0,-0.0,0.0,0.0,-0.0,0.0,0.0,0.0,-0.0,0.0,-0.0,0.0,0.0,0.8644675016403198,-0.0,0.25173088908195496,0.0
1.pdbbind2020/v2020-other-PL/4foc/4foc_protein.gninatypes,1.pdbbind2020/v2020-other-PL/4foc/4foc_ligand.gninatypes,0.4658786356449127,3.687042474746704,0.006266758311539888,0.9307933449745178,1.0224658250808716,-0.16448482871055603,0.0024398481473326683,-0.0321403332054615,0.6870981454849243,-0.508033037185669,-0.7233186960220337,-0.0618424117565155,-0.0,0.13649776577949524,-0.21975071728229523,-0.0,-0.0,-0.0007732430822215974,0.0922580137848854,0.0,0.0,0.0,-0.0,-6.334282807074487e-05,0.0023909378796815872,-0.0,-0.0,0.0,0.0,-0.0,-0.0,-0.0,0.0,-0.0,0.0,0.0,-0.0,-0.0,0.0,-0.0,-0.0,-0.0,0.0,-0.0,-0.0,-0.0,-0.0,-0.0,-0.0,0.0,-0.0,-0.0,0.0,0.0,-0.0,0.0,0.0,0.0,-0.0,0.0,-0.0,0.0,-0.0,2.137784242630005,-0.4914382994174957,0.7230351567268372,0.09400821477174759
1.pdbbind2020/v2020-other-PL/4oo9/4oo9_protein.gninatypes,1.pdbbind2020/v2020-other-PL/4oo9/4oo9_ligand.gninatypes,0.3106720447540283,4.146142482757568,-0.0008344966918230057,1.195844292640686,0.7990794777870178,-0.10863836854696274,0.15167443454265594,-0.330464243888855,-0.5088297724723816,-0.5873748064041138,-0.6841487288475037,0.12777242064476013,-0.011283927597105503,0.10674796998500824,-0.009462679736316204,0.049479275941848755,-0.0,0.20986072719097137,-0.05268363282084465,-0.14689813554286957,0.0005501265986822546,9.811150448513217e-06,0.10079114139080048,-0.07747666537761688,-3.453318277024664e-05,0.0,-0.06996425241231918,-0.0,0.0,-0.0,-0.0,0.0,-0.0,-0.0,-0.0,-0.0,-0.0,-0.0,-0.0,0.0,-0.0,0.0,0.0,0.0,-0.0,-0.0,-0.0,0.0,-0.0,-0.0,-0.0,-0.0,0.0,0.0,-0.0,0.0,-0.0,0.0,-0.0,0.0,0.0,0.0,0.0,1.834389567375183,-0.3015037477016449,1.1095505952835083,-0.02812565676867962
1.pdbbind2020/v2020-other-PL/5t4b/5t4b_protein.gninatypes,1.pdbbind2020/v2020-other-PL/5t4b/5t4b_ligand.gninatypes,1.5697522163391113,1.9917645454406738,-0.02503114752471447,0.8578487038612366,1.004673719406128,-0.0920332819223404,-0.8387688398361206,-0.08107223361730576,0.3814623951911926,0.1243928074836731,-0.13808198273181915,0.4841421842575073,-0.1978135108947754,0.07789337635040283,-0.055234119296073914,3.164005756378174,-0.8275810480117798,-0.060223985463380814,-0.031111503019928932,-0.464838445186615,-0.23536498844623566,0.0,0.0,0.0,0.0,-0.0,-0.0,0.0,0.0,-0.0,0.0,-0.0,-0.0,0.0,0.0,-0.0,-0.0,-0.0,-0.0,-0.0,-0.0,0.0,0.0,-0.0,-0.0,-0.0,-0.0,0.0,0.0,0.0,-0.0,-0.0,0.0,0.0,-0.0,-0.0,-0.0,-0.0,-0.0,0.0,0.0,0.0,0.0,2.2066195011138916,-0.31480786204338074,0.6347487568855286,-0.0411505252122879
1.pdbbind2020/v2020-other-PL/3djf/3djf_protein.gninatypes,1.pdbbind2020/v2020-other-PL/3djf/3djf_ligand.gninatypes,0.34424060583114624,3.5173025131225586,-0.004264479037374258,0.23762300610542297,2.334733009338379,-0.06976437568664551,-0.06766939163208008,-0.051949046552181244,0.15197405219078064,-0.49590161442756653,-0.016797378659248352,0.04291331768035889,-0.11666933447122574,-0.0060005467385053635,0.14682132005691528,0.2000039964914322,-0.19305913150310516,-0.0,0.0,-0.0,0.0,0.0,-0.004156541079282761,0.013809967786073685,0.048403300344944,0.020212819799780846,0.0,-0.0,0.0,-0.0,-0.0,-0.0,0.0,-0.0,-0.0,0.0,-0.0,-0.0,-0.0,0.0,0.0,0.0,-0.0,-0.0,-0.0,-0.0,-0.0,0.0,0.0,-0.0,-0.0,-0.0,0.0,0.0,-0.0,0.0,-0.0,-0.0,-0.0,0.0,0.0,-0.0,0.0,1.21182382106781,-0.19535697996616364,0.36442479491233826,-0.05285639688372612
1.pdbbind2020/v2020-other-PL/3f7b/3f7b_protein.gninatypes,1.pdbbind2020/v2020-other-PL/3f7b/3f7b_ligand.gninatypes,0.7567784190177917,3.7368204593658447,0.03653310239315033,0.7616255283355713,1.503687858581543,-0.23448546230793,-0.2778127193450928,-0.008383265696465969,0.06266721338033676,-0.2441525161266327,-0.7825388312339783,-0.3069142997264862,-0.04196542128920555,0.28842848539352417,-0.16435469686985016,-0.02030302584171295,-8.757095883993316e-07,-7.08403467797325e-06,0.0019441547337919474,0.21834975481033325,0.0024653258733451366,0.0,0.27255484461784363,-0.2395562380552292,-0.027373211458325386,-0.0005252910777926445,-0.20103105902671814,0.0014914128696545959,0.0,-0.0,-0.0,0.0,-0.0,-0.0,0.0,0.0,-0.0,-0.0,0.0,-0.0,-0.0,0.0,-0.0,-0.0,-0.0,-0.0,-0.0,-0.0,-0.0,0.0,-0.0,-0.0,0.0,0.0,-0.0,0.0,-0.0,5.105712716613198e-06,-0.4319709241390228,0.00035228373599238694,-0.0,1.4033606052398682,0.0,2.2480125427246094,-0.4221678674221039,0.5907092690467834,0.2804120182991028
1.pdbbind2020/v2020-other-PL/5xpp/5xpp_protein.gninatypes,1.pdbbind2020/v2020-other-PL/5xpp/5xpp_ligand.gninatypes,0.9290892481803894,5.021154880523682,0.00582206342369318,1.778173565864563,1.1536543369293213,-0.2745755612850189,-0.7274659872055054,-1.224363088607788,-0.042474642395973206,-0.6756374835968018,-0.7985763549804688,-0.32444971799850464,-0.00448288768529892,0.2360023558139801,-0.29517602920532227,0.0001987794239539653,-0.0,-0.0,-0.0,-1.787649580364814e-06,-4.037997859995812e-05,0.0,0.23707745969295502,-0.02747844159603119,-0.0,0.0,-0.0,-0.0,0.0,-0.0,-0.0,0.0,-0.0,-0.0,0.0,-0.0,-0.0,-0.0,0.0,-0.0,-0.0,0.0,-0.0,0.0,-0.0,-0.0,-0.0,-0.0,-0.0,-0.0,-0.0,-0.0,0.0,0.0,-0.0,0.0,-0.0,-0.0,-0.0,0.0,-0.0,0.0,0.0,3.0469536781311035,-0.28138890862464905,1.9568005800247192,0.38762572407722473
1.pdbbind2020/refined-set/1zvx/1zvx_protein.gninatypes,1.pdbbind2020/refined-set/1zvx/1zvx_ligand.gninatypes,0.7949159741401672,3.30544114112854,0.03388933837413788,0.6461402177810669,1.66217839717865,-0.23596343398094177,-0.28714704513549805,-0.040156133472919464,0.051652174443006516,-0.1511363536119461,-0.5847129225730896,0.1416219174861908,-0.00544409966096282,0.12443369626998901,-0.13321226835250854,-0.0010980685474351048,8.326400688929425e-07,0.00023010390577837825,-0.006227976642549038,0.134357288479805,0.008153416216373444,0.0,0.26198092103004456,-0.029563110321760178,-4.081619863427477e-06,-1.8167682469538704e-07,-0.0003736902726814151,0.0,0.012782798148691654,-0.13872277736663818,-0.0,0.0,-1.316455364227295,-0.0,0.0,0.0,-0.0,-0.0,0.0,-0.0,-0.0,0.0,-0.0,0.0,-0.0,-0.0,-0.0,-0.0,-0.0,0.0,-0.0,-0.0,0.0,0.0,-0.0,0.0,9.009616769617423e-05,0.0496588870882988,-0.10357816517353058,0.0017444976838305593,-0.0,0.002472866326570511,0.0,1.930645227432251,-0.41535684466362,0.6147640347480774,0.21296465396881104
1.pdbbind2020/refined-set/1c1v/1c1v_protein.gninatypes,1.pdbbind2020/refined-set/1c1v/1c1v_ligand.gninatypes,0.520499050617218,2.7877089977264404,0.006365847308188677,0.16152144968509674,0.9645370244979858,-0.1282038688659668,-0.1985287219285965,-0.04189237207174301,0.8313242793083191,-0.3031257688999176,-0.03084341250360012,0.06565307080745697,-0.0,1.0676446436264087e-05,3.068692603847012e-05,0.0,-0.0,-0.036253396421670914,0.02488812431693077,-0.0,-0.0,0.0,0.057065416127443314,-0.02010399103164673,0.0,0.0,0.0,-0.0,0.0,-0.0,-0.0,-0.0,-0.0,-0.0,0.0,0.0,-0.0,-0.0,-0.0,0.0,-0.0,0.0,-0.0,-0.0,-0.0,0.0,-0.0,0.0,-0.0,0.0,-0.0,-0.0,0.0,0.0,-0.0,0.0,-0.29400867223739624,0.46079668402671814,-0.0,0.0,0.0,-0.0,0.0,1.5934569835662842,-0.2405214011669159,0.3593284785747528,0.07305819541215897
1.pdbbind2020/v2020-other-PL/5uch/5uch_protein.gninatypes,1.pdbbind2020/v2020-other-PL/5uch/5uch_ligand.gninatypes,0.6588947772979736,3.1107542514801025,0.009129458107054234,1.0915297269821167,1.4365345239639282,-0.12428444623947144,0.08370732516050339,-0.08588241785764694,0.13795830309391022,-0.5597381591796875,-0.8703279495239258,-0.005007464438676834,-0.01010207924991846,0.10789751261472702,-0.37599849700927734,-0.0,-0.0,0.014519605785608292,0.05321210250258446,0.0,0.0,0.0,0.0066667599603533745,0.01892741397023201,-0.06568014621734619,0.011195582337677479,-0.07922200858592987,0.0,0.0,-0.0,-0.0,-0.0,0.0,-0.0,-0.0,0.0,-0.0,-0.0,0.0,-0.0,-0.0,-0.0,0.0,0.0,-0.0,-0.0,-0.0,-0.0,-0.0,0.0,-0.0,-0.0,0.0,0.0,-0.0,0.0,-0.0,0.0,-0.0,0.0,-0.0,0.0,-0.0,1.6732820272445679,-0.3470475971698761,0.7883604764938354,0.00784821342676878
1.pdbbind2020/v2020-other-PL/3dz5/3dz5_protein.gninatypes,1.pdbbind2020/v2020-other-PL/3dz5/3dz5_ligand.gninatypes,0.2308751344680786,2.174470901489258,-0.011864449828863144,0.03176672011613846,0.8778128027915955,-0.025571297854185104,0.07425200194120407,-0.012012971565127373,0.11507211625576019,0.7178720831871033,0.0007660159026272595,0.3556034564971924,-0.0,-0.08574498444795609,-0.09061887115240097,1.4509273767471313,-0.0,-0.07334622740745544,-0.04008202254772186,-0.24009111523628235,-0.0013360872399061918,8.422214887104928e-05,0.005816565826535225,0.11392319202423096,-0.0,0.0013697780668735504,-0.00016434058488812298,0.0,0.0,-0.0,0.0,-0.0,-0.0,0.0,-0.0,-0.0,0.0,-0.0,-0.0,0.0,0.0,0.0,0.0,0.0,-0.0,-0.0,-0.0,0.0,-0.0,-0.0,-0.0,-0.0,0.0,0.0,-0.0,-0.0,-0.0,-0.0,-0.0,0.0,0.0,-0.0,-0.0,1.3133949041366577,-0.46057194471359253,0.05769956111907959,-0.17064307630062103
1.pdbbind2020/v2020-other-PL/2imb/2imb_protein.gninatypes,1.pdbbind2020/v2020-other-PL/2imb/2imb_ligand.gninatypes,0.22684843838214874,1.6520339250564575,0.010280260816216469,0.019297946244478226,0.9659421443939209,-0.08035770058631897,-0.02880830131471157,-0.011813608929514885,0.03691599890589714,-0.2211923897266388,-0.0023826025426387787,0.08176188915967941,-0.0,0.00013070617569610476,-0.003869854612275958,0.0,-0.0,5.877700004930375e-06,-0.0056382641196250916,0.0,0.0,0.0,0.0,0.0,-0.0,0.0,0.0,-0.0,0.0,-0.0,-0.0,0.0,-0.0,-0.0,0.0,0.0,-0.0,-0.0,-0.0,0.0,-0.0,0.0,-0.0,0.0,-0.0,-0.0,-0.0,0.0,-0.0,-0.0,-0.0,-0.0,0.0,0.0,-0.0,0.0,-0.0008340280037373304,-0.0031705922447144985,-0.0,-0.0,-0.0,-0.0,0.0,1.1540355682373047,-0.4616376757621765,0.15729020535945892,0.23656649887561798
1.pdbbind2020/v2020-other-PL/4bi2/4bi2_protein.gninatypes,1.pdbbind2020/v2020-other-PL/4bi2/4bi2_ligand.gninatypes,0.45395904779434204,2.4089572429656982,0.01388916652649641,0.550962507724762,1.2356350421905518,-0.1314634531736374,-0.020183084532618523,-0.0,0.0,-0.0,-0.4625716805458069,-0.019211292266845703,-0.0,0.5576916337013245,-0.9242644309997559,-0.0,0.0,-0.0,-0.0,0.0,0.0,0.0,0.2463800460100174,0.28506988286972046,-0.0020193876698613167,0.03295903280377388,0.0,0.06761068105697632,0.0,-0.0,-0.0,0.0,-0.0,-0.0,0.0,0.0,-0.0,-0.0,0.0,-0.0,-0.0,0.0,-0.0,0.0,-0.0,-0.0,-0.0,-0.0,-0.0,-0.0,-0.0,-0.0,0.0,0.0,-0.0,0.0,-0.0,0.0,-0.0,0.0,-0.0,0.0,0.0,1.1770460605621338,-0.0,0.3057081699371338,0.0
1.pdbbind2020/refined-set/3gvu/3gvu_protein.gninatypes,1.pdbbind2020/refined-set/3gvu/3gvu_ligand.gninatypes,1.0412731170654297,4.02133846282959,-0.0016810348024591804,0.7468905448913574,1.7456904649734497,-0.11155737936496735,0.07967568188905716,-0.05309414491057396,0.28805992007255554,-0.6999582052230835,-1.2200125455856323,0.24412594735622406,-0.40333864092826843,0.12146766483783722,-0.41396456956863403,-0.02286132611334324,-0.04383397102355957,-0.0,0.0,4.420282493811101e-05,-0.0007873696158640087,0.0,-1.7360606534566614e-06,-0.006369409151375294,-0.05600704625248909,-0.034727636724710464,-0.0,0.0,0.0,-0.0,-0.0,-0.0,0.0,-0.0,-0.0,-0.0,-0.0,-0.0,0.0,-0.0,-0.0,-0.0,0.0,-0.0,-0.0,-0.0,-0.0,-0.0,-0.0,0.0,-0.0,-0.0,0.0,0.0,-0.0,0.0,-0.0,0.0,-0.0,0.0,-0.0,0.0,-0.0,2.0097439289093018,-0.49779433012008667,0.7222630381584167,-0.02097517065703869
1.pdbbind2020/v2020-other-PL/2o1v/2o1v_protein.gninatypes,1.pdbbind2020/v2020-other-PL/2o1v/2o1v_ligand.gninatypes,0.03081068955361843,1.766289472579956,0.02767513506114483,0.0,1.3982737064361572,-0.14171411097049713,-0.22458970546722412,-0.0,-0.027498167008161545,-0.2898273468017578,-0.0,-0.00011265249486314133,0.0,0.24513296782970428,-0.47547364234924316,-0.013103252276778221,0.0,0.0381118580698967,-0.04993247985839844,-0.00042336422484368086,0.0,-0.0,0.0,0.10333999991416931,-0.0,-0.46312645077705383,0.5319914817810059,-0.0,0.060674335807561874,-0.16454485058784485,-0.008509292267262936,0.0,0.0,0.0,-0.0,-0.0,-0.0,-0.0,-0.0,-0.0,0.0,0.0,0.0,0.0,-0.0,-0.0,0.0,-0.0,-0.0,-0.0,-0.0,-0.0,-0.0013693218352273107,3.8392256101360545e-05,-0.16089224815368652,0.0,0.0,0.0,-0.0,-0.0,0.0,-0.0,0.0,2.257413387298584,-0.08816514164209366,0.0,0.04866788908839226
1.pdbbind2020/v2020-other-PL/3lnz/3lnz_protein.gninatypes,1.pdbbind2020/v2020-other-PL/3lnz/3lnz_ligand.gninatypes,-0.9717448353767395,0.0672159343957901,-0.04787510633468628,0.8382498025894165,0.10448230057954788,0.016647949814796448,-0.0803799256682396,0.301025390625,0.456182062625885,0.7216393947601318,0.13124920427799225,1.0060518980026245,-0.15215924382209778,0.007712391205132008,0.4940112829208374,0.0005933822831138968,-0.0,-0.0,-0.0,-0.0,-0.0,0.0,0.01299865823239088,0.20424802601337433,-0.3217413127422333,-0.0,-0.0,0.0,0.0,0.0,0.0,-0.0,0.0,0.0,0.0,-0.0,0.0,-0.0,-0.0,-0.0,0.0,-0.0,-0.0,0.0,-0.0,-0.0,-0.0,-0.0,0.0,-0.0,-0.0,-0.0,0.0,0.0,-0.0,-0.0,-0.0,-0.0,-0.0,-0.0,0.0,0.0,-0.0,4.535769462585449,-1.878862738609314,2.120603561401367,1.0032219886779785
1.pdbbind2020/v2020-other-PL/6bfp/6bfp_protein.gninatypes,1.pdbbind2020/v2020-other-PL/6bfp/6bfp_ligand.gninatypes,0.3864184021949768,2.896620750427246,0.018802180886268616,0.3155795633792877,1.9366800785064697,-0.1693802922964096,-0.20845413208007812,0.014080730266869068,0.2962942123413086,-0.5187938809394836,-0.34927037358283997,0.45405516028404236,-0.00010920238128164783,0.08382640033960342,0.24929937720298767,0.00030170800164341927,-3.119266693829559e-06,0.0,0.0,0.0,-0.0,-0.0,0.0,0.002669088076800108,0.0941869243979454,-0.0002124975435435772,0.0,0.0,0.0,0.0,0.0,-0.0,0.0,-0.0,-0.0,0.0,-0.0,-0.0,-0.0,-0.0,-0.0,0.0,0.0,-0.0,-0.0,0.0,-0.0,0.0,0.0,0.0,-0.0,-0.0,0.0,0.0,-0.0,0.0,0.0,0.0,-0.0,0.0,0.0,0.0,-0.0,2.2184605598449707,-0.638738751411438,0.20853973925113678,0.05563214793801308
1.pdbbind2020/v2020-other-PL/4kc4/4kc4_protein.gninatypes,1.pdbbind2020/v2020-other-PL/4kc4/4kc4_ligand.gninatypes,0.13660217821598053,1.3031120300292969,-0.021119583398103714,0.2922937572002411,1.5411596298217773,-0.008724465034902096,-0.15369239449501038,-0.0,0.20309863984584808,0.33908361196517944,0.046442046761512756,0.0977751761674881,-0.15223276615142822,-0.31169548630714417,0.10127944499254227,0.6735137701034546,-0.19669169187545776,-0.28294289112091064,-0.015637561678886414,-0.19197876751422882,-0.0102316215634346,0.0,0.0,0.0,-0.0,0.0,0.0,0.0,0.0,0.0,0.0,-0.0,0.0,0.0,-0.0,-0.0,-0.0,-0.0,-0.0,-0.0,0.0,-0.0,0.0,-0.0,-0.0,-0.0,-0.0,0.0,0.0,-0.0,-0.0,-0.0,0.0,0.0,-0.0,-0.549261212348938,-0.0,0.0,-0.0,0.0,0.0,0.0,-0.0,1.115077018737793,-0.3475734293460846,0.1926427036523819,-0.019608020782470703
1.pdbbind2020/v2020-other-PL/1o4j/1o4j_protein.gninatypes,1.pdbbind2020/v2020-other-PL/1o4j/1o4j_ligand.gninatypes,0.04855000600218773,1.2061465978622437,0.02640950307250023,0.03296857699751854,1.114392638206482,-0.09483704715967178,-0.10853499919176102,-5.877716375835007e-06,0.03714831545948982,-0.129599928855896,-0.02240557223558426,-0.018264899030327797,0.0,0.005336134694516659,-0.02320162206888199,-0.0,-0.0,0.0,-0.0,0.0,0.0,-0.0,0.0,0.0029237507842481136,-0.0,-7.733697771072912e-07,0.0,-0.0,0.056046999990940094,0.016641151160001755,-0.0,0.0,-0.0,-1.3080161809921265,0.0,0.0,-0.0,-0.0,-0.0,-0.0,-0.0,-0.0,-0.0,0.0,-0.0,-0.0,0.0,0.0,-0.0,-0.0,-0.0,-0.0,0.0,0.0,-0.0,0.0,0.0,0.0,-0.0,0.0,-0.0,-0.0,0.0,1.184708595275879,-0.19045168161392212,0.41635793447494507,0.2460879236459732
1.pdbbind2020/refined-set/3ui7/3ui7_protein.gninatypes,1.pdbbind2020/refined-set/3ui7/3ui7_ligand.gninatypes,0.6799193620681763,4.081063270568848,0.00022744758462067693,1.0462623834609985,0.6068602204322815,-0.1065245047211647,-0.002187978243455291,-0.1919112354516983,0.2242334932088852,-0.18327957391738892,-0.3750859498977661,0.0506693571805954,-0.3400804102420807,0.10377610474824905,-0.054669395089149475,0.6188095808029175,-0.005403426010161638,-0.0,-3.450245245062433e-08,-0.0,-0.0,0.0,0.132478266954422,-0.22538010776042938,0.00052618671907112,0.0014644627226516604,-0.0,-0.0,0.0,-0.0,-0.0,-0.0,-0.0,-0.0,-0.0,-0.0,-0.0,-0.0,-0.0,0.0,-0.0,0.0,-0.0,0.0,-0.0,-0.0,-0.0,0.0,-0.0,-0.0,-0.0,-0.0,2.3919455998111516e-05,0.0,-0.0,0.0,-0.0,-2.6622410587151535e-05,-0.0,0.0,-0.0,0.0,0.0,2.096884250640869,-0.21259000897407532,0.5720248818397522,0.024764783680438995
1.pdbbind2020/v2020-other-PL/4fyh/4fyh_protein.gninatypes,1.pdbbind2020/v2020-other-PL/4fyh/4fyh_ligand.gninatypes,0.0767134502530098,2.854417562484741,-0.014075765386223793,0.22414326667785645,1.7452887296676636,-0.06383387744426727,0.03882051631808281,-0.2538726031780243,0.600790798664093,-0.09378986805677414,-0.0,0.000136583621497266,-0.0,0.0,-0.00012836360838264227,0.0,-0.0,-0.16322873532772064,-0.062384530901908875,-0.0,0.0,0.0,0.004428232554346323,0.03645293414592743,-0.0,0.0,0.07509630173444748,-0.0,0.3352324962615967,-0.861964225769043,-0.0,-0.0,0.0,-6.213011261024803e-08,-0.0,-0.0,-0.0,-0.0,-0.0,0.0,-0.0,0.0,0.0,0.0,-0.0,-0.0,-0.0,0.0,-0.0,-0.0,-0.0,-0.0,0.0,0.0,-0.0,0.0,-0.0,0.0,-0.0,0.0,0.0,0.0,-0.0,1.7417728900909424,-0.31819429993629456,0.16775819659233093,-0.05621299892663956
1.pdbbind2020/v2020-other-PL/4ie6/4ie6_protein.gninatypes,1.pdbbind2020/v2020-other-PL/4ie6/4ie6_ligand.gninatypes,0.38807785511016846,2.7193405628204346,0.027255829423666,0.5322537422180176,1.0814173221588135,-0.1308380663394928,-0.04282365366816521,-0.0,0.15773990750312805,-0.27374789118766785,-0.1375267207622528,0.010217343457043171,0.025584757328033447,0.15213139355182648,-0.6828410029411316,0.029501568526029587,-0.0002600621082819998,0.0,-0.11991685628890991,-0.09752266108989716,0.44038712978363037,0.0,0.0,0.0,0.0,0.0,0.0,-0.0,0.0,-0.0,-0.0,0.0,-0.0,0.0,-0.0,-0.0,-0.0,-0.0,-0.0,-0.0,-0.04615155979990959,0.23235279321670532,-0.06734906136989594,0.386656790971756,-0.336234450340271,-0.0,0.0,-0.0,-0.0,-0.0,-0.0,-0.0,0.0,0.0,0.0,0.0,-0.0,0.004165537655353546,-0.18388795852661133,0.25660306215286255,0.0,0.0,0.0,1.6165602207183838,-0.17436358332633972,0.5936316847801208,0.002173282904550433
1.pdbbind2020/v2020-other-PL/3rcd/3rcd_protein.gninatypes,1.pdbbind2020/v2020-other-PL/3rcd/3rcd_ligand.gninatypes,0.9358539581298828,4.931941986083984,0.0009462638408876956,0.4387674033641815,0.9324867129325867,-0.14125782251358032,0.29710692167282104,-0.034005679190158844,0.12358150631189346,-0.45644253492355347,-0.5316421389579773,0.0115237170830369,-0.18111075460910797,1.2303895950317383,-0.5296128988265991,0.037330709397792816,-0.0,-0.3796207308769226,0.015620949678122997,0.015988221392035484,-0.0005057568196207285,0.0,-1.6026330058593885e-06,-0.003113068174570799,-0.0005729206604883075,0.01600228250026703,-0.0,-0.0,0.0,-0.0,-0.0,0.0,0.0,-0.0,-0.0272230077534914,-1.0261222124099731,-0.13310644030570984,-0.0,-0.0,-0.00025364075554534793,-0.14177857339382172,0.11762381345033646,0.0,0.0,-0.0,-0.0,-0.0,-0.0,-0.0,-0.0,-0.0,-0.0,0.0,0.0,-0.0,0.0,-0.0,0.0,-0.0,0.0,-0.0,0.0,0.0,2.738616466522217,-0.7243043184280396,0.6756624579429626,-0.07883787900209427
1.pdbbind2020/v2020-other-PL/3e6v/3e6v_protein.gninatypes,1.pdbbind2020/v2020-other-PL/3e6v/3e6v_ligand.gninatypes,0.17706912755966187,2.3965344429016113,0.011050045490264893,0.13937929272651672,2.0571749210357666,-0.08009012043476105,-0.07579760253429413,-0.02412533573806286,0.14423981308937073,-0.5469803214073181,-0.0,0.0,-0.0,0.0,-0.0,0.0,-0.0,0.0748075619339943,-0.01016960944980383,0.0,0.0,0.0,-0.0,0.0,0.0,0.0,0.0,-0.0,-0.0,-0.0,-0.0,-0.0,0.0,-0.0,-0.0,0.0,-0.0,-0.0,0.0,-0.0,0.0,0.0,-0.0,-0.0,0.0,-0.0,0.10161281377077103,0.0084075341001153,2.435650912957499e-06,-2.4258540634036763e-06,-0.0,-0.0,0.0,0.0,-0.0,0.44036734104156494,-0.0,0.0,-0.0,0.0,0.0,0.0,0.0,0.9028573036193848,-0.6152182817459106,0.29455098509788513,-0.05486195534467697
1.pdbbind2020/refined-set/6dak/6dak_protein.gninatypes,1.pdbbind2020/refined-set/6dak/6dak_ligand.gninatypes,0.5199087858200073,2.7367231845855713,-0.0015097911236807704,0.9850017428398132,0.8423013687133789,-0.08786659687757492,0.023677397519350052,-0.013730524107813835,0.16283249855041504,-0.26165634393692017,-0.5403113961219788,0.12891222536563873,-0.28295210003852844,0.007324084173887968,-0.27734053134918213,0.1118394210934639,-0.0,0.005907020065933466,0.04138486459851265,0.11339017003774643,-0.0,0.0,0.0014606507029384375,0.010944883339107037,-0.006130247842520475,0.00018477585399523377,-0.0027528421487659216,0.0,0.0,-0.0,-0.0,-0.0,0.0,-0.0,-0.0,0.0,-0.0,-0.0,-0.0,-0.0,0.0,0.0,0.0,-0.0,-0.0,-0.0,-0.0,0.0,0.0,0.0,-0.0,-0.0,0.0,0.0,-0.0,0.0,-0.0,0.0,-0.0,0.0,0.0,0.0,-0.0,1.4647490978240967,-0.347555547952652,0.7400149703025818,-0.05658400058746338
1.pdbbind2020/v2020-other-PL/5ugg/5ugg_protein.gninatypes,1.pdbbind2020/v2020-other-PL/5ugg/5ugg_ligand.gninatypes,0.022905820980668068,3.3447153568267822,0.008848942816257477,0.5750958919525146,1.4399763345718384,-0.19481796026229858,-0.26688987016677856,-0.03088245540857315,0.3306604325771332,-0.6953902840614319,-0.23631739616394043,-0.05460313335061073,-0.1640084832906723,-0.007123172283172607,-0.0384271964430809,0.025312867015600204,-1.761850762704853e-05,0.0,-0.0,0.0,-0.0,0.0,0.045515839010477066,-0.018167242407798767,0.07298846542835236,-0.014124848879873753,-0.0,0.0,0.0,-0.0,-0.0,-0.0,0.0,-0.0,0.0,0.0,-0.0,-0.0,0.0,-0.0,0.0,-0.0,0.0,-0.0,-0.0,-0.0,-0.0,0.0,-0.0,0.0,-0.0,-0.0,0.0,0.0,-0.0,0.0,-0.0,0.0,-0.0,0.0,0.0,0.0,-0.0,2.4133174419403076,-1.0275893211364746,0.9018325209617615,0.465881884098053
1.pdbbind2020/refined-set/4zei/4zei_protein.gninatypes,1.pdbbind2020/refined-set/4zei/4zei_ligand.gninatypes,0.7320876121520996,0.808083176612854,-0.0018379464745521545,0.0,1.7997504472732544,-0.12020990997552872,-0.3815458416938782,-0.0,0.15568815171718597,-0.3975519835948944,-0.0,0.2464841604232788,0.0,-0.0,-0.2478230893611908,0.0,-0.0,-0.0,0.0,-0.0,0.0,0.0,0.0,0.0,-0.0,0.0,0.0,-0.0,0.032996393740177155,0.1013030931353569,0.03998124226927757,1.243010401725769,0.0,0.0,-0.0,0.0,-0.0,-0.0,-0.0,-0.0,-0.0,0.0,-0.0,0.0,-0.0,-0.0,0.0,-0.0,0.0,-0.0,-0.0,-0.0,-0.0,0.0,0.0,0.0,-0.0,0.0,-0.0,0.0,0.0,0.0,0.0,1.258001446723938,-0.04418662562966347,0.0,0.005724914837628603
1.pdbbind2020/v2020-other-PL/2yhd/2yhd_protein.gninatypes,1.pdbbind2020/v2020-other-PL/2yhd/2yhd_ligand.gninatypes,0.24306358397006989,1.8782676458358765,0.035058874636888504,0.41726556420326233,0.4721042513847351,-0.10184793919324875,-0.060443215072155,-0.0,0.033564336597919464,-0.05830015614628792,-0.4501330852508545,-0.03214990720152855,-0.001463166787289083,0.3434758186340332,-0.18398873507976532,-0.00012225836690049618,-0.0,-0.0,-0.0,0.0,0.0,-0.0,0.0,-0.00034333486109972,-0.19421036541461945,0.0001108564538299106,0.0,0.0,0.0,-0.0,-0.0,0.0,-0.0,-0.0,0.0,0.0,-0.0,-0.0,-0.0,-0.0,-0.0,0.0,-0.0,0.0,-0.0,-0.0,-0.0,-0.0,-0.0,-0.0,-0.0,-0.0,0.0,0.0,-0.0,0.0,-0.0,0.0,-0.0,0.0,-0.0,0.0,0.0,1.587099313735962,-0.0806078389286995,0.5048556327819824,0.01753617636859417
1.pdbbind2020/refined-set/3t0x/3t0x_protein.gninatypes,1.pdbbind2020/refined-set/3t0x/3t0x_ligand.gninatypes,1.0501445531845093,3.1966283321380615,-0.0011035961797460914,3.2622716426849365,0.4560448229312897,-0.09951435774564743,-0.09143857657909393,-0.10134228318929672,0.13063561916351318,-0.014641126617789268,-1.322461724281311,-0.1613701730966568,-0.1783401519060135,0.3397822976112366,-0.316106915473938,0.4857867658138275,-0.02720986306667328,-0.22319363057613373,-0.005126979202032089,-0.6412883400917053,-0.2477734237909317,0.0009364340221509337,0.04795536771416664,0.042937129735946655,0.04551149532198906,-0.01623370312154293,-0.014626703225076199,-0.0,0.0,-0.0,0.0,-0.0,0.0,0.0,0.0,-0.0,-0.0,-0.0,0.0,-0.0,0.0,0.0,-0.0,-0.0,-0.0,-0.0,-0.0,0.0,0.0,0.0,-0.0,-0.0,0.0,0.0,-0.0,-0.0,-0.0,-0.0,-0.0,0.0,0.0,0.0,0.0,1.9210752248764038,-0.450920969247818,1.3285349607467651,0.08274052292108536
1.pdbbind2020/v2020-other-PL/3d62/3d62_protein.gninatypes,1.pdbbind2020/v2020-other-PL/3d62/3d62_ligand.gninatypes,0.1769155114889145,2.1122324466705322,0.03840934857726097,0.23140458762645721,0.8453484177589417,-0.06270314007997513,0.007730675395578146,-0.002459637587890029,-0.10756506770849228,-0.7114052772521973,-0.29706355929374695,0.1335601955652237,-3.9918856487020093e-07,0.0,-0.0,5.245290708444372e-07,-0.0,0.0,-0.0,0.0,0.0,0.0,0.0006630381103605032,-0.06989723443984985,-0.43873196840286255,0.0,0.0,-0.0,0.0,0.0,-0.0,0.0,-0.0,-0.0,-0.0,0.0,-0.0,-0.0,-0.0,-0.0,-0.0,0.0,-0.0,0.0,-0.0,-0.0,-0.0,0.0,-0.0,-0.0,-0.0,-0.0,0.0,0.0,-0.0,0.0,-0.0,0.0,-0.0,-0.0,-0.0,0.0,0.0,1.31488835811615,-0.42797762155532837,0.3979863226413727,0.17919747531414032
1.pdbbind2020/refined-set/2zdk/2zdk_protein.gninatypes,1.pdbbind2020/refined-set/2zdk/2zdk_ligand.gninatypes,0.18256977200508118,2.9786605834960938,0.0033897021785378456,0.8629540205001831,1.125531792640686,-0.09490150213241577,0.11269461363554001,-0.02559191919863224,0.18042537569999695,-0.2209421843290329,-0.19708417356014252,-0.008740028366446495,-3.6688201362267137e-05,0.02116120606660843,-0.0002691323752515018,0.00012242537923157215,-0.0,0.16366904973983765,-0.006718344055116177,-0.0006336254882626235,-6.117074372014031e-05,0.0,2.6981058908859268e-05,-0.004081595689058304,0.06415478140115738,-0.0,-0.0,-0.0,0.0,-0.0,-0.0,-0.0,-0.0,-0.0,0.0,0.0,-0.0,-0.0,-0.0,-0.0,0.0,0.0,0.0,0.0,-0.0,-0.0,-0.0,0.0,0.0,0.0,-0.0,-0.0,0.0,0.0,-0.0,0.0,-0.0,0.0,-0.0,0.0,0.0,0.0,0.0,1.5995172262191772,-0.4407317340373993,0.9663161039352417,0.1396782398223877
1.pdbbind2020/refined-set/3ivc/3ivc_protein.gninatypes,1.pdbbind2020/refined-set/3ivc/3ivc_ligand.gninatypes,-0.061685796827077866,2.2118873596191406,-0.0027584051713347435,0.32224079966545105,1.8123090267181396,-0.13397838175296783,-0.33015960454940796,-0.0,0.006993426475673914,-1.6667338609695435,-0.4812183678150177,0.20983894169330597,-0.05018056184053421,0.05712239071726799,-0.08360524475574493,0.001227417029440403,-5.285288716549985e-05,-0.01353415660560131,0.20705623924732208,0.0026628817431628704,3.7268628148012795e-06,0.0,-0.0,-0.00024626427330076694,0.029595734551548958,0.03411659225821495,0.0,-0.0,0.0,-0.0,-0.0,-0.0,0.0,-0.0,-0.0,0.0,-0.0,-0.0,-0.0,-0.0,0.0,0.0,0.0,-0.0,0.0,0.0,-0.0,-0.0,0.0,0.0,-0.0,-0.0,0.0,0.0,-0.0,0.0,0.0,0.0,-0.0,0.0,0.0,0.0,-0.0,1.7148795127868652,-0.35267218947410583,0.37604615092277527,-0.11411753296852112
1.pdbbind2020/v2020-other-PL/6p11/6p11_protein.gninatypes,1.pdbbind2020/v2020-other-PL/6p11/6p11_ligand.gninatypes,0.36468103528022766,2.8158607482910156,0.02257646806538105,0.23054592311382294,1.4540265798568726,-0.1595834493637085,-0.18305328488349915,-0.0,0.08460655063390732,-0.2939092814922333,-0.1617758870124817,-0.0830756425857544,-0.0,0.33857792615890503,-0.2839948832988739,-0.0,-0.0,-0.046330299228429794,0.04174633324146271,0.0,0.0,-0.0,-0.07647798955440521,-0.07212620228528976,0.0,-0.0,0.0,0.0,0.0,-0.0,-0.0,-0.0,-0.0,-0.0,0.028324125334620476,0.2313176989555359,-0.0,-0.0,0.0,-0.0,-0.0,-0.0,-0.0,-0.0,-0.0,0.0,-0.0,0.0,-0.0,0.0,-0.0,-0.0,0.0,0.0,-0.0,0.0,0.0,0.0,-0.0,0.0,-0.0,0.0,0.0,1.693234920501709,-0.28819572925567627,0.2782213091850281,0.12279631197452545
1.pdbbind2020/v2020-other-PL/4y83/4y83_protein.gninatypes,1.pdbbind2020/v2020-other-PL/4y83/4y83_ligand.gninatypes,0.6679522395133972,3.5086770057678223,0.005173264071345329,1.2803846597671509,1.2999485731124878,-0.1293419897556305,0.23779910802841187,-0.0,-0.0,-0.0,-0.8903241157531738,0.07923045009374619,0.06976225227117538,0.7669108510017395,-1.3292860984802246,-0.06688782572746277,0.0024603160563856363,0.0,-0.0,0.0,0.0,0.0,0.08239739388227463,0.10956023633480072,-0.0003172176075167954,0.02579561062157154,-0.0,-5.120935384184122e-05,0.0,-0.0,-0.0,0.0,-0.0,-0.0,-0.0,0.0,-0.0,-0.0,-0.0,-0.0,-0.0,0.0,-0.0,0.0,-0.0,-0.0,-0.0,-0.0,-0.0,-0.0,-0.0,-0.0,0.0,0.0,-0.0,0.0,-0.0,0.0,-0.0,0.0,-0.0,0.0,0.0,1.669384479522705,-0.17511287331581116,0.6166617274284363,0.009751776233315468
1.pdbbind2020/refined-set/5t19/5t19_protein.gninatypes,1.pdbbind2020/refined-set/5t19/5t19_ligand.gninatypes,0.026421518996357918,2.4956603050231934,0.00717057753354311,1.0334908962249756,1.5569335222244263,-0.13881279528141022,-0.09258953481912613,-0.004869537893682718,0.11786386370658875,-0.47142717242240906,-0.2736847400665283,-0.007133750710636377,-0.5593181848526001,0.05530964210629463,-0.03910841792821884,-0.030854947865009308,-0.007960480637848377,0.04244987294077873,0.009548594243824482,0.014067336916923523,0.00015984497440513223,0.0,0.01756303198635578,-0.025858214125037193,0.003481155028566718,0.00042639512685127556,0.005433868151158094,-0.35911673307418823,-0.0,-0.0,-0.0,0.0,0.0,-0.0,-0.0,0.0,-0.0,-0.0,-0.0,-0.0,-0.0,0.0,-0.0,0.0,-0.0,-0.0,0.0,0.0,0.0,0.0,-0.0,-0.0,0.0,0.0,-0.0,0.0,0.0,0.0,-0.0,0.0,0.0,0.0,0.0,1.5679807662963867,-0.22166475653648376,0.4590461850166321,0.02539750188589096
1.pdbbind2020/refined-set/2rkm/2rkm_protein.gninatypes,1.pdbbind2020/refined-set/2rkm/2rkm_ligand.gninatypes,0.4595896601676941,1.8386565446853638,-0.030137157067656517,0.3226155638694763,1.6648123264312744,-0.0479101799428463,-0.5509741306304932,-0.17430011928081512,-0.19868509471416473,0.08149128407239914,-0.0429791659116745,0.425435870885849,-0.0,-0.010655895806849003,-0.10392728447914124,0.0,-0.0,-7.824507338227704e-05,-3.082379635088728e-06,-0.0,0.0,0.0,0.007070416118949652,-0.007043999619781971,-0.0,0.0,0.0,-0.0,0.0,-0.0,0.0,-0.0,0.0,0.0,-0.0,0.0,-0.0,-0.0,-0.0,0.0,-0.0,0.0,0.0,-0.0,-0.0,-0.0,0.0,0.0,0.0,-0.0,-0.0,-0.0,0.0,0.0,0.0,-0.0,-0.0,-0.0,-0.0,0.0,0.0,0.0,0.0,1.2858351469039917,-0.9979513883590698,0.5784076452255249,-0.14890088140964508
1.pdbbind2020/v2020-other-PL/1hiv/1hiv_protein.gninatypes,1.pdbbind2020/v2020-other-PL/1hiv/1hiv_ligand.gninatypes,-0.06018797680735588,3.2824318408966064,-0.025049909949302673,0.6552667021751404,1.3937187194824219,0.036353860050439835,0.4316437840461731,-0.8891217708587646,0.027985835447907448,0.3459666669368744,-0.058187101036310196,-0.018733441829681396,-0.12867708504199982,-0.08463523536920547,-0.03953833505511284,1.435413651051931e-05,-0.0,-0.0028756617102771997,-0.0,-0.00034122075885534286,-0.001044607488438487,0.0,0.0,0.0,-0.0,-0.0,-0.0,0.0,0.0,-0.0,0.0,-0.0,0.0,0.0,-0.0,-0.0,-0.0,-0.0,-0.0,-0.0,0.0,-0.0,0.0,-0.0,-0.0,-0.0,-0.0,0.0,0.0,-0.0,-0.0,-0.0,0.0,0.0,-0.0,-0.0,-0.0,-0.0,-0.0,0.0,0.0,0.0,-0.0,2.344724655151367,-0.901752769947052,1.6803998947143555,0.1751587688922882
1.pdbbind2020/refined-set/1h46/1h46_protein.gninatypes,1.pdbbind2020/refined-set/1h46/1h46_ligand.gninatypes,0.3827560544013977,1.4996418952941895,-0.00919270422309637,0.6909142732620239,0.9115027785301208,-0.04198985919356346,-0.06913822144269943,-0.035965804010629654,0.04970080032944679,0.15610624849796295,-0.14943835139274597,0.6215808987617493,-0.6371910572052002,-0.07878667861223221,-0.06112213060259819,0.6777207255363464,-0.12628203630447388,-0.0,0.0,-0.0,0.0,0.0,0.0,5.86104356159467e-08,2.2278252345131477e-06,0.0,0.0,-0.0,0.0,-0.0,0.0,-0.0,0.0,0.0,-0.0,0.0,-0.0,-0.0,-0.0,0.0,-0.0,0.0,0.0,-0.0,-0.0,-0.0,-0.0,0.0,0.0,-0.0,-0.0,-0.0,0.0,0.0,0.0,0.0,-0.0,0.0,-0.0,0.0,0.0,0.0,0.0,1.1938226222991943,-0.37354394793510437,0.6943216919898987,-0.17634792625904083
1.pdbbind2020/refined-set/4r59/4r59_protein.gninatypes,1.pdbbind2020/refined-set/4r59/4r59_ligand.gninatypes,0.15586872398853302,2.3580188751220703,0.005292870104312897,0.13957014679908752,0.8221868276596069,-0.10256330668926239,-0.07672792673110962,-0.12020590156316757,0.45964059233665466,-0.07945410162210464,-8.244323908002116e-07,-1.0611745437927311e-06,0.0,1.6020907196434564e-06,-4.5758616806779173e-07,0.0,-0.0,0.00011555962555576116,-5.8520683523966e-05,-0.0,0.0,0.0,0.7554726600646973,0.008703586645424366,0.013220010325312614,-0.0383463092148304,0.09799383580684662,3.591913809941616e-06,0.0,-0.0,-0.0,-0.0,-0.0,-0.0,-0.0,-0.0,-0.0,-0.0,-0.0,-0.0,-0.0,0.0,0.0,0.0,-0.0,-0.0,-0.0,0.0,-0.0,-0.0,-0.0,-0.0,0.0,0.0,-0.0,0.0,-0.0009766137227416039,-0.001287857536226511,-0.0,0.0,0.0,0.7109501957893372,0.0,1.65971040725708,-0.14556635916233063,0.1074572205543518,0.21018832921981812
1.pdbbind2020/v2020-other-PL/4yv2/4yv2_protein.gninatypes,1.pdbbind2020/v2020-other-PL/4yv2/4yv2_ligand.gninatypes,0.3190004825592041,1.879365086555481,0.01208042073994875,0.5012279152870178,0.465648889541626,-0.047625407576560974,0.046654995530843735,-0.010852736420929432,-0.028329037129878998,-0.21474358439445496,-0.5097989439964294,0.28317660093307495,-0.0013628179440274835,0.0787164568901062,-0.19877341389656067,0.009356139227747917,-0.009360496886074543,-1.6834202369864215e-06,-6.489735096693039e-05,-3.464485303084075e-07,0.0,0.0,0.3167957663536072,-0.45132389664649963,-0.2778370678424835,0.08480748534202576,-0.00011597642878768966,-0.0039055051747709513,0.0,0.0,-0.0,0.0,-0.0,-0.0,-0.0,0.0,-0.0,-0.0,-0.0,-0.0,-0.0,0.0,-0.0,0.0,-0.0,-0.0,-0.0,-0.0,-0.0,-0.0,-0.0,-0.0,0.0,0.0,-0.0,0.0,-0.0,0.0,-0.0,0.0,-0.0,0.0,0.0,1.0944281816482544,-0.16811136901378632,0.4063028395175934,0.02179894596338272
1.pdbbind2020/v2020-other-PL/3ma3/3ma3_protein.gninatypes,1.pdbbind2020/v2020-other-PL/3ma3/3ma3_ligand.gninatypes,0.38666316866874695,2.889472484588623,0.013383554294705391,0.899888277053833,0.5899085998535156,-0.11382230371236801,0.17055879533290863,-0.0,0.19864585995674133,-0.24492287635803223,-1.088496446609497,-0.036835927516222,-0.0,0.82673579454422,-0.042786166071891785,-0.0,0.0,-0.0,0.0,0.0030469712801277637,0.0,-0.0,0.0,0.0,0.0,-0.0,0.0,0.0,0.0,-0.0,-0.0,0.0,-0.0,-0.0,0.0,0.0,-0.0,-0.0,0.0,-0.0,-0.0,0.0,0.0,-0.0,-0.0,-0.0,-0.0,-0.0,-0.0,-0.0,-0.0,-0.0,0.0,0.0,-0.0,0.0,-0.0,0.0,-0.0,0.0,-0.0,0.0,0.0,1.4178599119186401,-0.10725542902946472,0.41144677996635437,0.018465103581547737
1.pdbbind2020/refined-set/5e89/5e89_protein.gninatypes,1.pdbbind2020/refined-set/5e89/5e89_ligand.gninatypes,0.2947116196155548,0.9678675532341003,0.03661337494850159,0.20726020634174347,1.2026063203811646,-0.07180575281381607,-0.20166780054569244,0.0,0.16829898953437805,0.09273335337638855,0.0014095644000917673,0.517858624458313,1.0591368209134089e-06,0.06681984663009644,0.8353945016860962,0.0010899087646976113,0.0006957196164876223,0.0013459959300234914,-0.1735517680644989,-0.006304687354713678,0.0025621794629842043,-0.0,7.2924008236441296e-06,0.1855415254831314,4.897985036222963e-06,-5.599490395979956e-05,0.0,0.0,0.0,0.0,0.0,-0.0,-0.0,0.0,-0.00588953634724021,-0.02688712626695633,-0.0,-0.0,-1.6757201592554338e-05,-0.0,0.0,-0.0,0.0,0.0,-0.0,-0.0,0.0,0.0,0.0,-0.0,-0.0,-0.0,-0.0,0.0,-0.0,0.0,-0.0,0.0,-0.0,0.0,0.0,0.0,0.0,1.958362340927124,-0.3863605856895447,0.3787960410118103,0.015070936642587185
1.pdbbind2020/v2020-other-PL/4gvu/4gvu_protein.gninatypes,1.pdbbind2020/v2020-other-PL/4gvu/4gvu_ligand.gninatypes,-0.2422505021095276,0.3647850453853607,-0.029761236160993576,0.8096354007720947,0.6050466299057007,0.02286425046622753,-0.22470425069332123,0.0425259992480278,0.6572020649909973,1.3006715774536133,0.46178022027015686,0.14120574295520782,-3.089696110691875e-05,-0.00101817911490798,1.064573007170111e-05,4.409095595292456e-07,-0.0,-0.0,-0.0,-0.0,-0.0,0.0,0.23148491978645325,0.08110605180263519,-0.0005455223144963384,-0.0,-0.0,0.0,0.0,0.0,0.0,-0.0,0.0,0.0,0.0,-0.0,0.0,-0.0,-0.0,-0.0,0.0,-0.0,-0.0,0.0,-0.0,-0.0,-0.0,-0.0,0.0,-0.0,-0.0,-0.0,0.0,0.0,-0.0,-0.0,-0.0,-0.0,-0.0,-0.0,0.0,0.0,-0.0,2.782270908355713,-0.8584893941879272,1.6662853956222534,0.41299334168434143
1.pdbbind2020/refined-set/6idg/6idg_protein.gninatypes,1.pdbbind2020/refined-set/6idg/6idg_ligand.gninatypes,0.5689359903335571,1.0982455015182495,-0.017726067453622818,0.16759976744651794,1.232351541519165,-0.06767266243696213,-0.018909960985183716,-0.0032339594326913357,0.10853385180234909,0.49526727199554443,-0.07049661129713058,0.5196080207824707,-0.005885715130716562,-0.1386626809835434,-0.07276161760091782,0.3625817894935608,-0.1506822258234024,-0.22799772024154663,-0.011884478852152824,-0.38231608271598816,0.0019463880453258753,0.0,0.0,0.0,-0.0,0.0,0.0,-0.0,0.042772699147462845,0.07335640490055084,0.0008631664677523077,-4.167298357060645e-06,4.6391537580348086e-06,0.0,0.0,0.0,0.0,-0.0,-0.0,0.0,-0.0,0.0,0.0,0.0,-0.0,-0.0,-0.0,0.0,0.0,-0.0,-0.0,-0.0,-0.0,0.0,0.0,-0.0,-0.0,0.0,-0.0,-0.0,0.0,0.0,0.0,2.2288010120391846,-0.0339810848236084,0.20590358972549438,-0.005136318504810333
1.pdbbind2020/refined-set/4ibb/4ibb_protein.gninatypes,1.pdbbind2020/refined-set/4ibb/4ibb_ligand.gninatypes,0.013741416856646538,2.1848509311676025,0.003954909276217222,0.9272959232330322,0.3355923891067505,-0.09798496216535568,0.1113344207406044,-0.014683559536933899,0.09723120182752609,-0.11480127274990082,-0.877122700214386,0.05583961680531502,-0.0026541613042354584,0.13573816418647766,-0.003936579916626215,-0.004243453033268452,-0.0,0.018548883497714996,-0.014774397946894169,3.267098236392485e-06,-0.001219647005200386,-0.0,0.12987631559371948,-0.022250458598136902,-0.029114894568920135,-1.874130930445972e-07,3.203727465006523e-05,-9.72371781244874e-05,0.0,0.0,0.0,-0.0,0.0,-0.0,-0.0,-0.0,-0.0,-0.0,-0.0,-0.0,0.0,-0.0,0.0,0.0,-0.0,-0.0,-0.0,0.0,-0.0,0.0,-0.0,-0.0,0.0,0.0,-0.0,0.0,-0.0,0.0,-0.0,-0.0,0.0,0.0,0.0,2.0619540214538574,-0.4120084345340729,0.4431345462799072,0.06333966553211212
1.pdbbind2020/v2020-other-PL/6am8/6am8_protein.gninatypes,1.pdbbind2020/v2020-other-PL/6am8/6am8_ligand.gninatypes,0.2264944612979889,2.880340576171875,-0.0002826786367222667,0.7262797355651855,1.5624117851257324,-0.06952764838933945,0.060310520231723785,-0.23262663185596466,-0.2062692791223526,-1.2616536617279053,-0.19948238134384155,-0.001607512473128736,-0.0,0.011057739146053791,-0.0014275350840762258,0.0,-0.0,7.055285209389695e-07,0.0,-0.0,0.0,0.0,0.0,-0.0,-0.0,0.0,-0.0,-0.0,0.01361759938299656,-2.5387473215232603e-05,-0.0,-0.0,-0.0,-0.0,-0.0,0.0,-0.0,-0.0,-0.0,-0.0,-0.0,0.0,0.0,0.0,-0.0,-0.0,-0.0,0.0,-0.0,-0.0,-0.0,-0.0,0.0,0.0,-0.0,0.0,-0.0,0.0,-0.0,0.0,0.0,0.0,-0.0,1.0243645906448364,-0.2481495589017868,0.4495415687561035,0.008283082395792007
1.pdbbind2020/v2020-other-PL/4erw/4erw_protein.gninatypes,1.pdbbind2020/v2020-other-PL/4erw/4erw_ligand.gninatypes,0.5818407535552979,4.755284309387207,-0.005839917343109846,0.8914934992790222,1.1237045526504517,-0.06063876301050186,0.5480042695999146,-0.040539778769016266,0.1941950023174286,-0.6452137231826782,-0.8562604784965515,0.0703284814953804,-0.45079463720321655,0.06360358744859695,-0.011426343582570553,-0.00010645657312124968,-0.0,-0.26208800077438354,0.016492752358317375,-1.6455159084216575e-06,-0.0,0.0,0.0,-0.0,-0.0,0.0,-0.0,0.0,0.0,-0.0,-0.0,-0.0,0.0,-0.0,-0.0,-0.0,-0.0,-0.0,-0.0,-0.0,-0.0,-0.0,0.0,-0.0,-0.0,-0.0,-0.0,-0.0,-0.0,-0.0,-0.0,-0.0,0.0,0.0,-0.0,0.0,-0.0,0.0,-0.0,0.0,0.0,0.0,-0.0,2.034985065460205,-0.1447874754667282,0.5872629284858704,-0.025498216971755028
1.pdbbind2020/refined-set/1m2x/1m2x_protein.gninatypes,1.pdbbind2020/refined-set/1m2x/1m2x_ligand.gninatypes,0.2263907641172409,1.6492915153503418,0.01149059645831585,0.2647204101085663,1.4458438158035278,-0.07203316688537598,-0.0838773101568222,-0.01091835182160139,0.042162973433732986,-0.2958133816719055,-0.1368328183889389,-0.014316598884761333,-0.0,-0.015922559425234795,-0.029827183112502098,0.0,-0.0,-0.0380699560046196,-0.07968441396951675,-0.0755125880241394,-0.003963663708418608,0.2122812569141388,0.08375651389360428,-0.25260013341903687,0.016231102868914604,7.0526189119846094e-06,1.2593799829483032,-0.3336576521396637,0.0,0.0,-0.0,-0.0,-0.0,-0.0,0.0,0.0,-0.0,-0.0,-0.0,0.0,-0.0,0.0,-0.0,0.0,-0.0,-0.0,-0.0,0.0,0.0,0.0,-0.0,-0.0,0.0,0.0,-0.0,0.0,0.005149024073034525,0.15751932561397552,-0.0,0.0,0.00029162014834582806,0.3403819799423218,0.0,0.9520710110664368,-0.19376841187477112,0.24527423083782196,0.13492152094841003
1.pdbbind2020/v2020-other-PL/5c3k/5c3k_protein.gninatypes,1.pdbbind2020/v2020-other-PL/5c3k/5c3k_ligand.gninatypes,0.2544693052768707,1.383600115776062,0.005593445617705584,0.5936107635498047,1.1959278583526611,-0.06876392662525177,-0.11853224784135818,-0.007180924993008375,0.0954393520951271,-0.1098627969622612,-0.14847268164157867,0.013763345777988434,-0.12911337614059448,0.01586352474987507,-0.18165157735347748,0.0791909396648407,-0.03722016140818596,-0.0,-0.0,-0.0,-0.0,0.0,0.0,0.0,0.0,0.0,0.0,-0.0,0.0,-0.0,-0.0,-0.0,-0.0,-0.0,0.0,0.0,-0.0,-0.0,-0.0,-0.0,0.0,0.0,-0.0,0.0,-0.0,-0.0,-0.0,0.0,0.0,-0.0,-0.0,-0.0,0.0,0.0,-0.0,0.0,-0.0,0.0,-0.0,0.0,0.0,0.0,0.0,0.7512498497962952,-0.18389524519443512,0.2177000194787979,0.00614662142470479
1.pdbbind2020/v2020-other-PL/1p10/1p10_protein.gninatypes,1.pdbbind2020/v2020-other-PL/1p10/1p10_ligand.gninatypes,-0.037156250327825546,3.2431178092956543,-0.009296550415456295,0.5200858116149902,1.7926630973815918,-0.06585898995399475,0.04114273935556412,-0.20314326882362366,0.48269331455230713,0.15320654213428497,-0.14748859405517578,-0.16695329546928406,-0.0,-0.0529116690158844,0.0005041314871050417,0.0,-0.0,0.005496107041835785,-0.009142066352069378,-0.30574312806129456,-0.0007346722995862365,0.0,0.09873110800981522,2.0397972093633143e-06,0.0,0.0,0.0,-0.0,0.0,-0.0,-0.0,-0.0,0.0,-0.0,-0.0,0.0,-0.0,-0.0,-0.0,0.0,0.0,0.0,0.0,0.0,-0.0,-0.0,-0.0,0.0,0.0,-0.0,-0.0,-0.0,0.0,0.0,0.0,0.0,-0.0,0.0,-0.0,0.0,0.0,0.0,0.0,1.5741649866104126,-0.4728908836841583,0.4670008420944214,-0.00496687600389123
1.pdbbind2020/v2020-other-PL/5em6/5em6_protein.gninatypes,1.pdbbind2020/v2020-other-PL/5em6/5em6_ligand.gninatypes,0.7830502390861511,4.346009254455566,0.006540682632476091,0.3346019387245178,1.8104338645935059,-0.1654435694217682,0.08087890595197678,-0.0,0.09382025897502899,-0.2688254117965698,-0.533829927444458,-0.07565812766551971,-0.008207634091377258,0.6269873380661011,-0.7182462811470032,0.000725536432582885,-0.0,-0.14628879725933075,0.036095552146434784,0.006489241495728493,-0.0006662580999545753,0.0,0.0,-6.222560841706581e-06,-0.10779203474521637,0.09738477319478989,0.0,0.0,0.0,-0.0,-0.0,0.0,-0.0,-0.0,-0.0,-0.0,-0.0,-0.0,-0.0,-0.0,-0.0,0.0,-0.0,0.0,-0.0,-0.0,-0.0,-0.0,-0.0,-0.0,-0.0,-0.0,0.0,0.0,-0.0,0.0,-0.0,0.0,-0.0,0.0,-0.0,0.0,0.0,2.4286293983459473,-0.3692355155944824,0.263379842042923,0.08518961817026138
1.pdbbind2020/refined-set/4j93/4j93_protein.gninatypes,1.pdbbind2020/refined-set/4j93/4j93_ligand.gninatypes,0.3565808832645416,2.4286701679229736,0.008805551566183567,0.8170046806335449,1.4183976650238037,-0.12998460233211517,-0.12247725576162338,-0.0007525294786319137,0.0984785184264183,-0.5479236841201782,-1.0945827960968018,-0.10273011773824692,-0.001978717977181077,0.04496440291404724,-0.06510663777589798,-0.010144603438675404,-2.566774810475181e-06,0.0,0.0,0.0,0.0,0.0,0.0,0.0,-0.04631689935922623,0.0,-0.0,0.0,0.0,-0.0,-0.0,-0.0,-0.0,-0.0,0.0,0.0,-0.0,-0.0,-0.0,-0.0,-0.0,-0.0,-0.0,-0.0,-0.0,-0.0,-0.0,0.0,-0.0,0.0,-0.0,-0.0,0.0,0.0,-0.0,0.0,0.0,0.0,-0.0,0.0,-0.0,0.0,0.0,1.420892357826233,-0.1692865490913391,0.3559432029724121,0.02485506981611252
1.pdbbind2020/v2020-other-PL/4h2j/4h2j_protein.gninatypes,1.pdbbind2020/v2020-other-PL/4h2j/4h2j_ligand.gninatypes,0.4102123975753784,3.267587184906006,0.002306267386302352,0.6772162318229675,1.387583613395691,-0.1270851045846939,0.20011760294437408,-0.0,0.09326224029064178,-0.9247006773948669,-1.5966739654541016,0.055535972118377686,-0.10908502340316772,0.13344275951385498,-0.061433419585227966,-0.001236358075402677,-0.0,-0.42498505115509033,-0.0010782926110550761,1.8876911781262606e-05,-0.0,0.0,0.0,-0.0,-0.0,0.0,0.0,0.0,0.0,0.0,0.0,-0.0,0.0,-0.0,-0.0,-0.0,-0.0,-0.0,-0.0,-0.0,-0.0,0.0,0.0,0.0,-0.0,-0.0,-0.0,-0.0,-0.0,0.0,-0.0,-0.0,0.0,0.0,-0.0,0.0,-0.0,0.0,-0.0,0.0,0.0,0.0,-0.0,2.4480526447296143,-0.5070481896400452,0.5456892251968384,0.018068095669150352
1.pdbbind2020/v2020-other-PL/5anq/5anq_protein.gninatypes,1.pdbbind2020/v2020-other-PL/5anq/5anq_ligand.gninatypes,0.6186061501502991,2.506040334701538,-0.0031040250323712826,0.5101478099822998,1.2701467275619507,-0.09295536577701569,-0.16299031674861908,-0.0,0.06750147044658661,-0.1995212733745575,-0.11581908911466599,0.12024331092834473,-0.3251872956752777,0.18431973457336426,-0.25709179043769836,0.662359356880188,-0.10234169661998749,-0.0,0.0,0.0,0.0,0.0,-0.0,-0.0,0.0,0.0,-0.0,0.0,0.0,-0.0,-0.0,-0.0,0.0,0.0,0.0,0.0,-0.0,-0.0,-0.0,-0.0,-0.0,0.0,0.0,-0.0,-0.0,0.0,-0.0,0.0,0.0,0.0,-0.0,-0.0,0.0,0.0,-0.0,0.0,0.0,0.0,-0.0,0.0,0.0,0.0,-0.0,1.3514678478240967,-0.32535988092422485,0.35194286704063416,-0.013445721007883549
1.pdbbind2020/v2020-other-PL/6h4x/6h4x_protein.gninatypes,1.pdbbind2020/v2020-other-PL/6h4x/6h4x_ligand.gninatypes,0.3622708320617676,2.2818355560302734,0.001427972223609686,0.3487330675125122,0.8217467069625854,-0.08963441848754883,-0.17658120393753052,-0.0043073492124676704,0.016744188964366913,-0.006485004909336567,-0.03460446000099182,0.01763838157057762,-0.22849023342132568,0.1025376245379448,-0.055961739271879196,1.2860441207885742,-0.45660024881362915,-0.006723009515553713,0.040435079485177994,-0.007183377165347338,-0.006607211660593748,0.0,0.0,-0.0,0.0,0.0,0.0,-0.0,0.0,-0.0,-0.0,-0.0,-0.0,0.0,0.0,0.0,-0.0,-0.0,-0.0,0.0,-0.0,0.0,-0.0,-0.0,-0.0,-0.0,-0.0,0.0,-0.0,0.0,-0.0,-0.0,0.0,0.0,-0.0,0.0,-1.7738849464876694e-06,0.0,-0.21306420862674713,0.21873076260089874,0.07882262021303177,0.0,0.0,1.272456407546997,-0.19328036904335022,0.23278920352458954,0.0318659171462059
1.pdbbind2020/v2020-other-PL/1g49/1g49_protein.gninatypes,1.pdbbind2020/v2020-other-PL/1g49/1g49_ligand.gninatypes,0.4755507707595825,4.104531764984131,0.053479090332984924,0.5608377456665039,2.1007754802703857,-0.2592553496360779,-0.3038382828235626,-0.23230496048927307,-0.029155876487493515,-1.1079028844833374,-0.2834472060203552,-0.06788177043199539,-0.005489738658070564,0.1350249946117401,-0.2610265910625458,-0.002070595510303974,-8.424918860328034e-07,0.005669758655130863,-0.1916096806526184,0.19063182175159454,0.10928384214639664,0.0,0.5311992168426514,-0.4436678886413574,-5.8340257965028286e-05,0.0,0.0003670992446132004,-0.0,0.0,-0.0,-0.0,0.0,-0.0,-0.0,-0.0,-0.0,-0.0,-0.0,0.0,-0.0,-0.0,0.0,-0.0,0.0,-0.0,-0.0,-0.0,-0.0,-0.0,-0.0,-0.0,-0.0,0.0,0.0,-0.0,0.0,-0.006943233776837587,0.24433866143226624,-0.05440888926386833,-0.007365757599473,-0.0,0.001818336546421051,0.0,2.8264334201812744,-0.6259685158729553,0.5174476504325867,0.733282208442688
1.pdbbind2020/v2020-other-PL/6f6u/6f6u_protein.gninatypes,1.pdbbind2020/v2020-other-PL/6f6u/6f6u_ligand.gninatypes,0.38227379322052,3.322507381439209,0.0014990746276453137,0.7381100654602051,0.7391209602355957,-0.10579101741313934,0.07127411663532257,-0.08831383287906647,0.2607610821723938,-0.6175574660301208,-0.4496973752975464,0.03200359269976616,-0.22454355657100677,0.241445392370224,-0.020879432559013367,0.2439836859703064,-0.012157936580479145,0.002402343787252903,0.013936720788478851,0.0790129005908966,4.0085819819069e-06,0.0,-0.004218498710542917,-0.2026965171098709,0.00016952239093370736,-5.2039646107004955e-05,4.5406550270854495e-06,0.0,0.0,-0.0,-0.0,-0.0,0.0,-0.0,-0.0,0.0,-0.0,-0.0,0.0,-0.0,-0.0,0.0,0.0,-0.0,-0.0,0.0,-0.0,0.0,0.0,0.0,-0.0,-0.0,0.0,0.0,-0.0,0.0,0.0,0.0,-0.0,0.0,-0.0,0.0,-0.0,1.6927738189697266,-0.3930054306983948,0.49944353103637695,0.12327749282121658
1.pdbbind2020/v2020-other-PL/2np9/2np9_protein.gninatypes,1.pdbbind2020/v2020-other-PL/2np9/2np9_ligand.gninatypes,-0.15963003039360046,2.4495046138763428,0.004126124083995819,0.2897464334964752,1.2425169944763184,-0.18521206080913544,-0.03062259964644909,-0.3336873948574066,-0.19438813626766205,-0.4065250754356384,-0.24262955784797668,0.050022419542074203,-0.000604937260504812,0.5751664042472839,-0.4363234341144562,0.13988998532295227,-0.0,0.0469219833612442,-0.03058798983693123,0.0566459484398365,0.0011777074541896582,0.0,0.0,-0.0,0.0,0.0,0.0,-0.0,0.037675514817237854,-0.3209986090660095,0.13218571245670319,0.11093219369649887,0.0,0.0,-0.0,-0.0,-0.0,-0.0,-0.0,-0.0,0.0,0.0,0.0,0.0,-0.0,-0.0,-0.0,0.0,-0.0,-0.0,-0.0,-0.0,0.0,0.0,-0.0,0.0,-0.0,0.0,-0.0,0.0,0.0,-0.0,0.0,3.09853196144104,-0.569411039352417,0.3340521454811096,0.06419636309146881
1.pdbbind2020/v2020-other-PL/6mt0/6mt0_protein.gninatypes,1.pdbbind2020/v2020-other-PL/6mt0/6mt0_ligand.gninatypes,0.5265783071517944,5.742483139038086,-0.006562154274433851,0.9631044268608093,0.6186989545822144,-0.051022011786699295,0.2512829005718231,-1.0713154077529907,1.409527063369751,-0.16545076668262482,-0.3997069001197815,-0.12758097052574158,-0.0,0.024496059864759445,9.782339475350454e-05,0.0,-0.0,-0.5261279940605164,0.001450410927645862,-0.012713553383946419,-0.0,0.0,-0.0,0.0,0.0,-0.0,0.0,-0.0,0.0,-0.0,-0.0,-0.0,0.0,-0.0,-0.0,-0.0,-0.0,-0.0,-0.0,0.0,-0.0,0.0,-0.0,-0.0,-0.0,-0.0,-0.0,0.0,-0.0,-0.0,-0.0,-0.0,0.0,0.0,-0.0,-0.0,-0.0,-0.0,-0.0,0.0,0.0,-0.0,0.0,1.8218268156051636,-0.30532577633857727,0.8330882787704468,-0.18998059630393982
1.pdbbind2020/v2020-other-PL/6q73/6q73_protein.gninatypes,1.pdbbind2020/v2020-other-PL/6q73/6q73_ligand.gninatypes,0.4452948570251465,2.878594398498535,0.012880584225058556,0.6914486289024353,1.4738966226577759,-0.12750543653964996,0.005380931310355663,-0.16211280226707458,0.070191890001297,-0.6723477840423584,-0.32965758442878723,-0.051382798701524734,-0.01767357438802719,0.3750414550304413,-0.11328829079866409,-0.06878834217786789,-0.04887516424059868,-0.0,0.0,-0.0,0.0,0.0,0.008269238285720348,-0.17432431876659393,0.05431094393134117,-0.01847062073647976,-1.1814146091637667e-05,0.0910240039229393,0.0,-0.0,-0.0,0.0,-0.0,-0.0,-0.0,0.0,-0.0,-0.0,0.0,-0.0,-0.12500497698783875,0.07809101790189743,-4.753707344207214e-06,3.3527469440741697e-06,-0.0,-0.0,-0.0,-0.0,-0.0,0.0,-0.0,-0.0,0.0,0.0,-0.0,0.0,0.0,0.0,-0.0,0.0,-0.0,0.0,0.0,1.3489772081375122,-0.23572348058223724,0.39282265305519104,0.09072310477495193
1.pdbbind2020/v2020-other-PL/4ucd/4ucd_protein.gninatypes,1.pdbbind2020/v2020-other-PL/4ucd/4ucd_ligand.gninatypes,0.15840385854244232,1.6250742673873901,0.010889551602303982,0.24430562555789948,0.8644164800643921,-0.13944652676582336,-0.039429955184459686,-0.0,-0.0035087906289845705,-0.1759786754846573,-0.15524591505527496,0.05656689777970314,0.028438081964850426,0.05348481982946396,-0.19011758267879486,-0.04181646183133125,0.012062480673193932,0.006149201653897762,-0.06160447373986244,0.08997543156147003,0.02687763422727585,-0.0,0.0,0.0,-0.19812962412834167,-0.020468011498451233,0.0,-0.0,0.0,-0.0,-0.0,0.0,-0.0,-0.0,-0.0,0.0,-0.0,-0.0,-0.0,-0.0,-0.02068161778151989,0.17168886959552765,0.010378983803093433,0.001691443263553083,-0.0,-0.009421578608453274,0.0,-0.0,-0.0,-0.0,-0.0,-0.0,0.0,0.0,-0.0,0.0,0.0,0.0,-0.0,-0.0,0.0,0.0,0.0,1.6336112022399902,-0.23864023387432098,0.3699735701084137,0.06815475225448608
1.pdbbind2020/v2020-other-PL/1dpu/1dpu_protein.gninatypes,1.pdbbind2020/v2020-other-PL/1dpu/1dpu_ligand.gninatypes,-0.48148369789123535,0.836334764957428,-0.00163659465033561,0.10699639469385147,0.2461402863264084,-0.05054682493209839,-0.007763255387544632,-0.015686428174376488,-0.17433355748653412,0.17514848709106445,-0.03553883358836174,0.04287626966834068,-0.0,0.0761939138174057,0.047536224126815796,0.0,-0.0,-0.0,-0.0,-0.0,-0.0,-0.0,0.0,0.0,-0.0,0.0,-0.0,-0.0,0.0,0.0,0.0,-0.0,-0.0,0.0,0.0,0.0,0.0,-0.0,-0.0,-0.0,0.0,-0.0,0.0,0.0,-0.0,-0.0,-0.0,-0.0,-0.0,-0.0,-0.0,0.0,0.0,0.0,-0.0,-0.0,-0.0,-0.0,-0.0,-0.0,0.0,0.0,0.0,5.456560134887695,-3.60233211517334,1.433521032333374,1.1047444343566895
1.pdbbind2020/v2020-other-PL/1u3s/1u3s_protein.gninatypes,1.pdbbind2020/v2020-other-PL/1u3s/1u3s_ligand.gninatypes,0.7084422707557678,5.174139976501465,0.019502559676766396,1.2774550914764404,1.6174410581588745,-0.2305130511522293,-0.011160056106746197,-0.0,0.0,-0.0,-1.1505361795425415,-0.41955527663230896,-0.28461775183677673,0.22360752522945404,-0.7159846425056458,-0.11609984189271927,-0.0,-0.0,0.0,0.0,0.0,0.0,0.0,-0.0,-0.20540232956409454,-0.010000190697610378,-0.0,0.0,0.0,-0.0,-0.0,0.0,-0.0,-0.0,-0.0,0.0,-0.0,-0.0,0.0,-0.0,-0.0,0.0,-0.0,0.0,-0.0,-0.0,-0.0,-0.0,-0.0,-0.0,-0.0,-0.0,0.0,0.0,-0.0,0.0,-0.0,0.0,-0.0,0.0,-0.0,0.0,-0.0,2.1405863761901855,-0.09586860239505768,1.0376425981521606,0.019725199788808823
1.pdbbind2020/v2020-other-PL/5k0x/5k0x_protein.gninatypes,1.pdbbind2020/v2020-other-PL/5k0x/5k0x_ligand.gninatypes,0.11108984798192978,4.12005090713501,0.0008151523652486503,0.5500091910362244,0.8123738169670105,-0.09755925089120865,0.06778242439031601,-0.4036756753921509,0.4940738081932068,-0.35326215624809265,-0.031975265592336655,-0.04007371887564659,-0.22167950868606567,0.0012215625029057264,6.254855543375015e-05,0.014486126601696014,-0.0,-2.6079871986439684e-06,1.8836841263691895e-05,-0.0,-0.0,0.0,0.08651476353406906,-0.026782259345054626,0.0,0.0,0.0,-0.0,0.0,-0.0,-0.0,-0.0,0.0,-0.0,-8.187103958334774e-06,-1.233927264365775e-06,-0.0009249661234207451,-0.0,-0.0,0.0,0.0,0.0,-0.0,0.0,-0.0,-0.0,-0.0,0.0,-0.0,-0.0,-0.0,-0.0,0.0,0.0,-0.0,0.0,-0.0,-0.0,-0.0,0.0,0.0,-0.0,0.0,2.187880277633667,-0.21981468796730042,0.9051534533500671,-0.010672113858163357
1.pdbbind2020/v2020-other-PL/5usy/5usy_protein.gninatypes,1.pdbbind2020/v2020-other-PL/5usy/5usy_ligand.gninatypes,0.5998353958129883,3.33846378326416,0.014337081462144852,0.4765024781227112,1.1285033226013184,-0.16753390431404114,-0.22002378106117249,-0.0,0.15354953706264496,-0.0659279003739357,-0.29204830527305603,0.022928016260266304,-0.07192366570234299,0.6137692332267761,-0.1907966136932373,-0.003170363139361143,-0.007800761144608259,-0.19363316893577576,0.026773761957883835,0.010630644857883453,-0.0006098255980759859,0.0,-0.02685432694852352,-0.0304140355437994,0.0009070540545508265,-0.018452057614922523,0.007057900074869394,0.0,0.0,-0.0,-0.0,-0.0,-0.0,-0.0,0.12165500968694687,0.03170249983668327,-5.65671143704094e-05,-0.0,0.0,-0.0008073521312326193,-0.0,-0.0,-0.0,-0.0,-0.0,0.0,-0.0,0.0,-0.0,0.0,-0.0,-0.0,0.0,0.0,-0.0,0.0,0.0,0.0,-0.0,0.0,-0.0,0.0,0.0,1.6974159479141235,-0.29943886399269104,0.2822686731815338,0.05953332036733627
1.pdbbind2020/v2020-other-PL/6n5c/6n5c_protein.gninatypes,1.pdbbind2020/v2020-other-PL/6n5c/6n5c_ligand.gninatypes,-0.1513954997062683,0.236369326710701,0.10760296881198883,0.0,1.9361326694488525,-0.2694220542907715,-0.5421545505523682,-0.0,0.00021994078997522593,-0.41474494338035583,-0.0,0.0,0.0,0.0,0.0,-0.0,0.0,-0.0,0.0,-0.0,-0.0,-0.0,-0.0,0.0,-0.0,-0.0,0.0,-0.0,0.3262787461280823,-0.5381421446800232,-0.0008589366334490478,0.0032016795594245195,0.0,0.0,-6.532050610985607e-05,0.00020179004059173167,-0.0,-0.0,-0.0,-0.0,0.0,0.0,0.0,0.0,0.0,-0.0,0.0,-0.0,0.0,-0.0,-0.0,-0.0,-0.006555361673235893,0.0,-0.016509946435689926,0.0,0.0,0.0,-0.0,-0.0,0.0,-0.0,-0.0,4.116268634796143,1.2600483894348145,-0.007304814178496599,0.10185323655605316
1.pdbbind2020/v2020-other-PL/1h27/1h27_protein.gninatypes,1.pdbbind2020/v2020-other-PL/1h27/1h27_ligand.gninatypes,-0.14570002257823944,1.7877600193023682,0.00157140102237463,0.6155056953430176,0.4777763783931732,-0.061843324452638626,0.1966652125120163,-0.02718634158372879,-0.053495634347200394,0.0032672081142663956,-0.37036892771720886,0.18540164828300476,-7.481840498257952e-07,0.06087790057063103,0.0642823651432991,0.0,-0.0,7.666732017241884e-06,-8.553583938919473e-07,-0.0,-0.0,0.0,0.004107461776584387,-2.887672735596425e-06,-0.08751342445611954,0.0,-0.0,-0.0,0.0,0.0,0.0,-0.0,0.0,0.0,0.0,-0.0,0.0,-0.0,-0.0,-0.0,0.0,0.0,0.0,0.0,-0.0,-0.0,-0.0,0.0,-0.0,-0.0,-0.0,-0.0,0.0,0.0,-0.0,-0.0,-0.0,0.0,-0.0,-0.0,0.0,0.0,0.0,2.616678237915039,-1.1019457578659058,0.6117591261863708,0.47526100277900696
1.pdbbind2020/v2020-other-PL/5uhi/5uhi_protein.gninatypes,1.pdbbind2020/v2020-other-PL/5uhi/5uhi_ligand.gninatypes,0.983548104763031,4.370290756225586,0.0033646682277321815,0.5942803621292114,1.0492295026779175,-0.22583122551441193,-0.16403478384017944,-0.03667304292321205,-0.02394934929907322,-0.3370247483253479,-0.7567608952522278,0.03991479054093361,-0.11970303952693939,0.4579675793647766,-0.9787518978118896,0.3385715186595917,-0.0,-0.6993971467018127,0.04208551347255707,0.009241330437362194,-0.0,0.0,0.01318975631147623,-0.035968925803899765,-0.5576426386833191,0.24057026207447052,-0.04408008232712746,-0.0,0.0,-0.0,-0.0,0.0,-0.0,-0.0,-0.0,-0.0,-0.0,-0.0,0.0,-0.0,-0.349826455116272,0.13026748597621918,-0.004083769395947456,7.213186108856462e-06,-0.0,-0.25559279322624207,-0.0,-0.0,-0.0,0.0,-0.0,-0.0,0.0,0.0,-0.0,0.0,-0.0,0.0,-0.0,0.0,-0.0,0.0,0.0,3.2901611328125,-0.3930765986442566,1.0761994123458862,0.14445824921131134
1.pdbbind2020/refined-set/3u6h/3u6h_protein.gninatypes,1.pdbbind2020/refined-set/3u6h/3u6h_ligand.gninatypes,0.8979064226150513,5.219908237457275,-0.002006101654842496,0.6318023800849915,1.8907252550125122,-0.10625602304935455,0.284822940826416,-0.054106928408145905,0.19098946452140808,-0.5933253169059753,-1.1787961721420288,-0.11434222757816315,-0.5315719246864319,0.2311927229166031,-0.3787845969200134,-0.21644757688045502,-0.013367997482419014,-0.10667917877435684,0.06257174909114838,0.005296634044498205,-0.002369748894125223,0.0,-0.014120953157544136,-0.1029798686504364,-0.08751927316188812,0.01828928291797638,-0.028940191492438316,-0.0,0.0,-0.0,-0.0,-0.0,0.0,-0.0,-0.05911478400230408,-0.015789572149515152,-0.017709912732243538,-0.0,0.0,-0.0,-0.0,-0.0,0.0,-0.0,-0.0,-0.0,-0.0,-0.0,-0.0,-0.0,-0.0,-0.0,0.0,0.0,-0.0,0.0,-0.0,0.0,-0.0,0.0,-0.0,0.0,0.0,2.191448926925659,-0.4008267819881439,0.7563232779502869,-0.04604508355259895
1.pdbbind2020/v2020-other-PL/2y9q/2y9q_protein.gninatypes,1.pdbbind2020/v2020-other-PL/2y9q/2y9q_ligand.gninatypes,-0.8400152325630188,0.15600399672985077,-0.04199976474046707,0.2777402698993683,-0.02749277651309967,-0.0356333963572979,-0.5078942775726318,-0.07438772916793823,0.6707192063331604,1.016190528869629,0.15480975806713104,0.2387111634016037,-0.0,0.024895545095205307,0.13394205272197723,0.0,-0.0,-0.0028784547466784716,-0.2774369418621063,-0.003047762904316187,-1.884777816485439e-06,0.0,0.05034146085381508,1.7035326957702637,-0.0,-0.0,-0.5805660486221313,0.0,0.0,0.0,0.0,-0.0,0.0,0.0,0.0,-0.0,-0.0,-0.0,-0.0,-0.0,0.0,-0.0,0.0,0.0,-0.0,-0.0,-0.0,-0.0,0.0,-0.0,-0.0,-0.0,0.0,0.0,-0.0,-0.0,-0.0,-0.0,-0.0,0.0,0.0,0.0,-0.0,5.520333766937256,-4.018733501434326,1.6950576305389404,0.7082104086875916
1.pdbbind2020/v2020-other-PL/5a6h/5a6h_protein.gninatypes,1.pdbbind2020/v2020-other-PL/5a6h/5a6h_ligand.gninatypes,0.40276867151260376,2.788968563079834,0.01666782610118389,0.2282514125108719,1.6140954494476318,-0.13266655802726746,-0.21031901240348816,-0.00014553203072864562,0.044166211038827896,-0.43822959065437317,-0.02903866395354271,0.004349253140389919,-0.16228531301021576,0.0644252821803093,-0.018689244985580444,0.015846852213144302,-0.0,-5.908348975935951e-05,-0.00044517076457850635,-0.00014059647219255567,0.00048163821338675916,0.0,0.145327627658844,-0.3483845293521881,-0.0114813894033432,-0.003581451717764139,0.21332286298274994,0.0,0.0,-0.0,-0.0,-0.0,-0.0,-0.0,0.0,0.0,-0.0,-0.0,0.0,-0.0,-0.0,0.0,-0.0,0.0,-0.0,-0.0,-0.15780878067016602,-0.01664496399462223,-0.0372961163520813,0.0,-0.00020762582425959408,-0.0,0.0,0.0,-0.0,0.0,-0.0,-0.00200904649682343,-0.0,0.0,-0.0,1.5230225324630737,0.0,1.7548248767852783,-0.39132159948349,0.36192044615745544,0.24862635135650635
1.pdbbind2020/v2020-other-PL/2vtn/2vtn_protein.gninatypes,1.pdbbind2020/v2020-other-PL/2vtn/2vtn_ligand.gninatypes,0.5580688714981079,3.319345474243164,0.00013219691754784435,0.28231415152549744,0.9207569360733032,-0.06616201251745224,0.1402309536933899,-0.08130583167076111,0.7067406177520752,-0.18711529672145844,-0.16845670342445374,0.06765487045049667,-0.1743399202823639,0.08259003609418869,0.000136333896080032,0.0016664807917550206,-0.0,-0.0,0.0,-0.0,-0.0,0.0,-0.0,0.0,-0.0,0.0,0.0,-0.0,0.0,-0.0,-0.0,-0.0,0.0,-0.0,0.0008294135332107544,0.004408891312777996,-2.5421866212127497e-06,-0.0,-0.0,-0.0,-0.0,-0.0,-0.0,-0.0,-0.0,-0.0,-0.0,-0.0,-0.0,-0.0,-0.0,-0.0,0.0,0.0,-0.0,0.0,-0.0,0.0,-0.0,0.0,0.0,0.0,0.0,1.1385810375213623,-0.24232794344425201,0.2732386291027069,-0.09072232991456985
1.pdbbind2020/v2020-other-PL/3x1k/3x1k_protein.gninatypes,1.pdbbind2020/v2020-other-PL/3x1k/3x1k_ligand.gninatypes,-0.07148339599370956,1.6574465036392212,0.019566556438803673,0.0,2.2240495681762695,-0.2625954747200012,-0.2582753002643585,-0.0,-0.006506198085844517,-1.0015666484832764,-0.0,0.03761446103453636,0.0,0.48847612738609314,-0.7038969397544861,-3.479521183180623e-05,0.0039813523180782795,-0.01396968960762024,0.12461291253566742,-0.0004648500180337578,0.044045042246580124,-0.0,-0.0,0.0,-0.0,-0.0,0.0,-0.0,0.0010735001415014267,-0.7313050031661987,-0.017946302890777588,6.725914863636717e-05,0.0,0.0,-0.0,0.0,-0.0,-0.0,-0.0,-0.0,0.0,0.0,0.0,0.0,0.0,-0.0,0.0,-0.0,-0.0,-0.0,-0.0,-0.0,-0.0,0.0,0.0,0.0,0.0,0.0,-0.0,-0.0,0.0,-0.0,0.0,2.668093204498291,0.1117788702249527,0.0,-0.21242912113666534
1.pdbbind2020/v2020-other-PL/3gxt/3gxt_protein.gninatypes,1.pdbbind2020/v2020-other-PL/3gxt/3gxt_ligand.gninatypes,0.4406565725803375,1.535210132598877,-0.014723533764481544,0.0,1.158833384513855,-0.05500687286257744,-0.26112425327301025,-0.0,0.19640058279037476,0.6036182641983032,0.0,0.11257224529981613,0.0,-0.0,-0.3322964012622833,0.0,-0.0,-0.0,-0.0,-0.0,0.0,0.0,0.0,0.6386198997497559,0.0,0.0,0.0,-0.0,0.0,-0.0,-0.0,0.0,0.0,0.0,-0.0,-0.0,0.0,-0.0,-0.0,0.0,-0.0,0.0,-0.0,0.0,-0.0,-0.0,-0.0,-0.0,-0.0,-0.0,-0.0,-0.0,0.0,0.0,-0.0,-0.0,-0.0,-0.0,-0.0,0.0,0.0,-0.0,0.0,0.9305247068405151,-0.13136930763721466,0.0,-0.06215100735425949
1.pdbbind2020/v2020-other-PL/4f49/4f49_protein.gninatypes,1.pdbbind2020/v2020-other-PL/4f49/4f49_ligand.gninatypes,-0.07583644986152649,2.5764834880828857,-0.002774042310193181,0.31246069073677063,1.307590126991272,-0.054693613201379776,0.2853021025657654,-0.05087088420987129,-0.5588158369064331,-0.3189131021499634,-0.07861076295375824,0.030559491366147995,-0.0,-0.0013687015743926167,0.0,0.0,-0.0,0.17589783668518066,-8.346864342456684e-05,-0.0,-0.0,0.0,0.1606930047273636,-0.11626753211021423,-0.0,0.0,-0.0,-0.0,0.0,0.0,0.0,-0.0,0.0,0.0,-0.0,-0.0,0.0,-0.0,-0.0,0.0,0.0,0.0,0.0,0.0,-0.0,-0.0,-0.0,0.0,-0.0,-0.0,-0.0,-0.0,0.0,0.0,-0.0,-0.0,-0.0,0.0,-0.0,-0.0,0.0,0.0,0.0,1.8944029808044434,-0.6481553316116333,0.38205671310424805,0.21155518293380737
1.pdbbind2020/v2020-other-PL/3d3x/3d3x_protein.gninatypes,1.pdbbind2020/v2020-other-PL/3d3x/3d3x_ligand.gninatypes,0.12425034493207932,2.182075262069702,-0.006681249011307955,0.2922816574573517,0.981897234916687,-0.05474034696817398,-0.026994161307811737,-0.09583796560764313,0.11159322410821915,0.15496709942817688,-0.07020827382802963,0.12060555070638657,-0.0,-0.03618810325860977,-0.07384184002876282,0.0,-0.0,0.01232076808810234,-0.00689525343477726,-0.0,0.0,0.0,0.17132464051246643,-0.1722651720046997,-0.24016402661800385,0.09391696751117706,0.0,-0.0,0.0,-0.0,0.0,-0.0,0.0,0.0,-0.0,0.0,0.0,-0.0,-0.0,0.0,-0.0,0.0,0.0,0.0,-0.0,-0.0,-0.0,0.0,0.0,-0.0,-0.0,-0.0,0.0,0.0,-0.0,-0.0,-0.036599405109882355,-0.038782134652137756,-0.0,-0.0,0.0,0.0,0.0,1.338513970375061,-0.6315891742706299,0.36935991048812866,0.09155910462141037
1.pdbbind2020/v2020-other-PL/4y2b/4y2b_protein.gninatypes,1.pdbbind2020/v2020-other-PL/4y2b/4y2b_ligand.gninatypes,0.7981699109077454,3.635659694671631,-0.0028677014634013176,0.6025885343551636,0.6543647646903992,-0.07035181671380997,0.013972398824989796,-0.1469258964061737,0.3260725140571594,-0.03813859447836876,-0.2581443190574646,0.0749737024307251,-0.39509668946266174,0.0901268869638443,0.021696168929338455,0.7630609273910522,-6.958891390240751e-06,-0.0015057275304570794,3.779874532483518e-06,-0.0,-0.0,0.0,-0.04651593416929245,0.013399112038314342,0.5006444454193115,-0.0,-0.0,-0.0,0.0,-0.0,-0.0,-0.0,0.0,-0.0,-0.0,0.0,-0.0,-0.0,-0.0,-0.0,-0.0,0.0,-0.0,-0.0,-0.0,-0.0,-0.0,0.0,-0.0,0.0,-0.0,-0.01629270240664482,1.8757144061964937e-05,0.0,-0.0,0.0,-0.004667327273637056,-8.5895071606501e-06,-0.0,0.0,-0.0,0.0,0.0,1.4336713552474976,-0.28326115012168884,0.37927889823913574,-0.06376222521066666
1.pdbbind2020/v2020-other-PL/4mji/4mji_protein.gninatypes,1.pdbbind2020/v2020-other-PL/4mji/4mji_ligand.gninatypes,0.22858396172523499,0.8934885263442993,-0.07419131696224213,0.325552374124527,0.9418275952339172,-0.03619350492954254,-0.4900588095188141,-0.3824654519557953,-0.3872731924057007,0.6980169415473938,-0.22386249899864197,0.7285642027854919,-0.5921568274497986,-0.35681766271591187,-0.6062352657318115,0.07166209071874619,-0.0,-0.05250946432352066,-0.2272203266620636,-0.0035648010671138763,0.002462975913658738,0.0,1.0873668543354142e-06,-0.00010189793829340488,-0.0,0.0,-0.0,-0.0,0.0,0.0,0.0,-0.0,0.0,0.0,0.0,-0.0,-0.0,-0.0,-0.0,-0.0,-0.0,0.0,0.0,0.0,-0.0,-0.0,-0.0,-0.0,0.0,-0.0,-0.0,-0.0,0.0,0.0,0.0,-0.0,-0.0,-0.0,-0.0,-0.0,0.0,0.0,-0.0,3.6536521911621094,-1.3656009435653687,1.545376181602478,-0.12370285391807556
1.pdbbind2020/v2020-other-PL/1u9v/1u9v_protein.gninatypes,1.pdbbind2020/v2020-other-PL/1u9v/1u9v_ligand.gninatypes,0.5405383110046387,2.56353497505188,0.051865871995687485,0.2432640790939331,1.4348865747451782,-0.12399986386299133,-0.31194669008255005,-0.03863142058253288,0.6310198903083801,0.023912660777568817,-0.06799661368131638,0.0014088877942413092,-0.0,0.031185677275061607,0.711426854133606,0.0006236921763047576,-0.031189685687422752,-1.1777809959312435e-05,0.09855490922927856,-0.0,-0.0,-0.0,0.10760828107595444,-0.027140483260154724,-0.0,-0.0016871235566213727,0.0005355475004762411,-0.0,0.0,-0.0,0.0,0.0,-0.0,-0.0,0.0,0.0,-0.0,-0.0,-0.0,0.0,-0.0,0.0,-0.0,-0.0,-0.0,-0.0,-0.0,0.0,-0.0,0.0,-0.0,-0.0,-0.0,0.0,-0.0,0.0,-0.0,0.0,-0.0,-0.0,-0.0,0.0,0.0,2.362413167953491,-0.4029933214187622,0.20543594658374786,0.1918450891971588
1.pdbbind2020/v2020-other-PL/6gg8/6gg8_protein.gninatypes,1.pdbbind2020/v2020-other-PL/6gg8/6gg8_ligand.gninatypes,0.47354239225387573,6.456243515014648,0.002755091991275549,0.2779199779033661,2.735499382019043,-0.1919500082731247,-0.055960241705179214,-0.0,0.08420700579881668,-1.6162307262420654,-0.3816479742527008,-0.13382494449615479,-0.28008249402046204,0.08267124742269516,-0.09997134655714035,-0.11946668475866318,-0.0,-0.030915090814232826,0.01872783526778221,-0.002247824799269438,0.0,0.0,0.052793294191360474,-1.093098759651184,0.09672259539365768,-0.034806571900844574,0.006974965333938599,-1.0596971151244361e-05,0.0,-0.0,-0.0,-0.0,0.0,-0.0,-0.08662630617618561,-0.014068491756916046,-0.027522757649421692,-0.0,0.0,0.035660311579704285,-0.0,0.0,0.0,-0.0,-0.0,-0.0,-0.0,0.0,-0.0,-0.0,-0.0,-0.0,0.0,0.0,-0.0,0.0,-0.0,0.0,-0.0,0.0,-0.0,0.0,0.0,2.4759366512298584,-0.22058242559432983,0.5039747357368469,-0.021021859720349312
1.pdbbind2020/v2020-other-PL/2oh0/2oh0_protein.gninatypes,1.pdbbind2020/v2020-other-PL/2oh0/2oh0_ligand.gninatypes,0.5816737413406372,3.7470455169677734,0.005624698009341955,0.5664556622505188,0.9930378794670105,-0.1686946153640747,-0.047182366251945496,-0.5344088673591614,0.10336967557668686,-0.40743348002433777,-0.10326797515153885,0.05024639889597893,-8.551371877274505e-08,0.27496445178985596,-0.49451735615730286,0.0,-0.0,-0.0,0.0,0.0,0.0,0.0,0.03931177780032158,-0.0022288465406745672,-0.001689000753685832,0.01577504351735115,-0.0,-0.0,0.0,-0.0,-0.0,0.0,-0.0,-0.0,0.0,-0.0,-0.0,-0.0,0.0,-0.0,-0.0,0.0,-0.0,0.0,-0.0,-0.0,-0.0,-0.0,-0.0,0.0,-0.0,-0.0,0.0,0.0,-0.0,0.0,-0.0,0.0,-0.0,0.0,-0.0,0.0,0.0,2.329561948776245,-0.37837275862693787,0.8166187405586243,0.13669969141483307
1.pdbbind2020/v2020-other-PL/1d4t/1d4t_protein.gninatypes,1.pdbbind2020/v2020-other-PL/1d4t/1d4t_ligand.gninatypes,-0.8271859288215637,2.232456684112549,-0.01727929525077343,0.35532692074775696,1.1273754835128784,-0.03482210263609886,0.023486115038394928,-0.13383948802947998,0.3778526186943054,0.10694075375795364,-0.20172344148159027,0.13477131724357605,-0.0,0.1523084044456482,0.04208194464445114,0.0,-0.0,-0.0005475658690556884,-0.012801405973732471,-0.0,-0.0,0.0,5.025188784202328e-06,8.268291935564775e-07,-0.04251685366034508,-0.010739754885435104,-0.0,0.0,0.0,0.0,0.0,-0.0,0.0,0.0,0.0,-0.0,-0.0,-0.0,-0.0,-0.0,0.0,-0.0,0.0,0.0,-0.0,-0.0,-0.0,-0.0,0.0,-0.0,-0.0,-0.0,0.0,0.0,-0.0,-0.0,-0.0,0.0,-0.0,0.0,0.0,0.0,-0.0,3.1482696533203125,-2.354299306869507,1.3387428522109985,0.34575793147087097
1.pdbbind2020/v2020-other-PL/6gf3/6gf3_protein.gninatypes,1.pdbbind2020/v2020-other-PL/6gf3/6gf3_ligand.gninatypes,-0.014927247539162636,3.240001678466797,-0.0008028594311326742,0.5928259491920471,1.120625376701355,-0.07500150799751282,0.29639044404029846,-0.21650685369968414,-0.7468228936195374,-1.1055238246917725,-0.1538669764995575,0.056508325040340424,-0.0,0.20241190493106842,-0.1833912879228592,0.0,-0.0,0.0,-0.0,0.0,0.0,0.0,0.15598565340042114,-0.2580973207950592,-0.02120940573513508,0.04859555512666702,-0.0,-0.0,0.0,0.0,-0.0,-0.0,0.0,-0.0,-0.0,-0.0,-0.0,-0.0,-0.0,-0.0,0.0,0.0,0.0,0.0,-0.0,-0.0,-0.0,0.0,-0.0,-0.0,-0.0,-0.0,0.0,0.0,-0.0,0.0,-0.0,0.0,-0.0,-0.0,0.0,0.0,-0.0,1.8791208267211914,-0.32024314999580383,0.49195510149002075,0.07081593573093414
1.pdbbind2020/v2020-other-PL/6bgu/6bgu_protein.gninatypes,1.pdbbind2020/v2020-other-PL/6bgu/6bgu_ligand.gninatypes,0.8319566249847412,2.5295217037200928,-0.009591232053935528,0.78862464427948,0.915383517742157,-0.07107565551996231,-0.10582111775875092,-0.026405591517686844,0.21442227065563202,0.22659586369991302,-0.34952133893966675,0.353755921125412,-0.0038204954471439123,-0.09021813422441483,-0.18177247047424316,0.0003519410965964198,-6.617146573262289e-05,-0.0,-0.0,-0.0,-0.0,0.0,1.498318283665867e-06,-4.360910224932013e-06,-0.09990750253200531,7.297240244952263e-06,-0.0,-0.0,0.0,0.0,0.0,-0.0,-0.0,0.0,0.0,0.0,0.0,-0.0,-0.0,0.0,-0.00039455786463804543,0.040957819670438766,8.151871043082792e-06,0.0009593358263373375,-0.0,-0.0,-0.0,0.0,0.0,0.0,-0.0,-0.0,0.0,0.0,-0.0,-0.12055686861276627,-0.0,-0.0,-0.0,0.0,0.0,0.0,0.0,1.5143563747406006,-0.38804149627685547,0.7171651124954224,0.0455760583281517
1.pdbbind2020/v2020-other-PL/3d25/3d25_protein.gninatypes,1.pdbbind2020/v2020-other-PL/3d25/3d25_ligand.gninatypes,0.06459377706050873,1.3068056106567383,-0.011145676486194134,0.2548869550228119,0.7060442566871643,-0.062202274799346924,-0.05546396225690842,-0.235943004488945,0.18353456258773804,0.28901347517967224,-0.24931581318378448,0.46673163771629333,-0.0,0.2212008386850357,0.14434108138084412,0.0,0.0,-0.0,-0.0,-0.0,0.0,0.0,0.007275434210896492,0.005169258918613195,-0.0,0.0,-0.0,-0.0,0.0,0.0,0.0,-0.0,-0.0,0.0,0.0,0.0,-0.0,-0.0,-0.0,-0.0,0.0,0.0,0.0,0.0,-0.0,-0.0,-0.0,0.0,0.0,-0.0,-0.0,-0.0,0.0,0.0,-0.0,-0.0,-0.0,-0.0,-0.0,0.0,0.0,0.0,0.0,3.2153353691101074,-1.438684344291687,1.1129145622253418,0.2232629358768463
1.pdbbind2020/refined-set/2b7d/2b7d_protein.gninatypes,1.pdbbind2020/refined-set/2b7d/2b7d_ligand.gninatypes,0.258018434047699,2.637526750564575,0.016893718391656876,0.20185141265392303,1.8306471109390259,-0.1302204728126526,0.17353388667106628,-0.0162634439766407,0.06272194534540176,-0.9779154658317566,-0.2645641565322876,0.17522454261779785,-0.0,0.09785990417003632,0.08669362217187881,0.0,-0.0,0.0,0.0,0.0,0.0,-0.0,0.05882484093308449,-0.03903530538082123,0.14474017918109894,0.07346279174089432,0.0,-0.0,0.0,0.0,0.0,-0.0,0.0,-0.0,-0.0,0.0,-0.0,-0.0,-0.0,-0.0,-0.0,0.0,0.0,0.0,-0.0,-0.0,-0.0,0.0,-0.0,0.0,-0.0,-0.0,0.0,0.0,-0.0,0.0,0.0,0.0,-0.0,-0.0,0.0,0.0,0.0,2.195608377456665,-0.481621116399765,0.33553656935691833,0.055141545832157135
1.pdbbind2020/v2020-other-PL/4ye3/4ye3_protein.gninatypes,1.pdbbind2020/v2020-other-PL/4ye3/4ye3_ligand.gninatypes,0.11313409358263016,4.208688259124756,-0.08471349626779556,0.5448183417320251,3.0141587257385254,0.026055321097373962,0.8241543173789978,-0.17460720241069794,-0.09729436784982681,-0.02311611920595169,-0.6066187620162964,-0.28314855694770813,-7.333113671847968e-07,-0.2136499583721161,0.10467634350061417,0.0,-0.0,-1.392908330899445e-07,0.0,-0.013857075944542885,-0.0,0.0,0.29132917523384094,-0.06891456991434097,-0.0,-0.0,-0.0,-0.0,0.0,-0.0,0.0,-0.0,0.0,0.0,-0.0,-0.0,0.0,-0.0,-0.0,-0.0,0.0,0.0,0.0,-0.0,-0.0,-0.0,-0.0,0.0,0.0,-0.0,-0.0,-0.0,0.0,0.0,-0.0,-0.0,-0.0,0.0,-0.0,-0.0,0.0,0.0,-0.0,2.2419910430908203,-0.7545633912086487,0.7402210831642151,0.10367745161056519
1.pdbbind2020/refined-set/4xoe/4xoe_protein.gninatypes,1.pdbbind2020/refined-set/4xoe/4xoe_ligand.gninatypes,0.49347198009490967,1.99551522731781,0.011317568831145763,1.1721338033676147,0.7907647490501404,-0.09483359009027481,-0.04160451889038086,0.02456746995449066,1.7645423412322998,0.09537363052368164,0.5924996137619019,-0.030062872916460037,0.0,0.04719269648194313,-0.011391925625503063,0.0,-0.0,0.0,-0.0013688650215044618,-0.0,0.0,0.0,0.0,0.0,0.0,0.0,0.0,-0.0,0.0,-0.0,-0.0,-0.0,-0.0,0.0,-0.0,-0.0,-0.0,-0.0,-0.0,-0.0,0.0,-0.0,-0.0,0.0,-0.0,-0.0,0.0,0.0,0.0,-0.0,-0.0,-0.0,0.0,0.0,-0.0,-0.0,-0.0,0.0,-0.0,0.0,0.0,-0.0,0.0,1.0650146007537842,-0.4326845705509186,0.49625542759895325,0.3603605628013611
1.pdbbind2020/v2020-other-PL/1csr/1csr_protein.gninatypes,1.pdbbind2020/v2020-other-PL/1csr/1csr_ligand.gninatypes,-0.19470034539699554,1.839242696762085,-0.008533066138625145,0.09636276215314865,1.9282828569412231,-0.11998475342988968,0.0870668813586235,-0.11462630331516266,-0.0759749636054039,-0.998978316783905,-1.5720363535365323e-06,0.00895183440297842,-0.0,0.35418808460235596,0.10104525089263916,4.959883426636225e-06,-0.0,-0.11609488725662231,-0.014043021947145462,0.0,0.0011203659232705832,0.0,-0.0,0.0,0.0,-0.0,0.0,-0.0,0.15356241166591644,-0.07059618830680847,0.0,-0.0,0.0,0.0,-0.015556654892861843,-0.008887462317943573,-4.554623046715278e-06,-0.0,-0.0,-0.0,0.0,0.0,0.0,0.0,0.0,-0.0,-0.0,-0.0,0.0,-0.0,-0.0,-0.0,-0.0,0.0,0.0,0.0,0.0,0.0,-0.0,-0.0,0.0,0.0,-0.0,2.7240092754364014,-0.4496416449546814,0.22326521575450897,0.21292729675769806
1.pdbbind2020/v2020-other-PL/2cma/2cma_protein.gninatypes,1.pdbbind2020/v2020-other-PL/2cma/2cma_ligand.gninatypes,-0.2682015597820282,2.0992555618286133,0.0016225205035880208,0.9942517280578613,1.5691758394241333,-0.0921948254108429,0.10478414595127106,-0.024976251646876335,0.025797300040721893,-0.1095011755824089,-0.32567012310028076,-0.13159964978694916,-0.4323292374610901,-0.0035100411623716354,0.0030713060405105352,0.03171011433005333,-0.0,-0.0,-0.0,0.0,-0.0,-0.0,0.0526745542883873,0.24726927280426025,0.0019106774125248194,7.659581569896545e-06,0.0,-0.1966523677110672,0.0,0.0,0.0,-0.0,0.0,0.0,-0.0,0.0,-0.0,-0.0,-0.0,-0.0,0.0,0.0,0.0,0.0,-0.0,-0.0,-0.0,0.0,0.0,0.0,-0.0,-0.0,0.0,0.0,-0.0,0.0,-0.0,0.0,-0.0,-0.0,0.0,0.0,-0.0,2.157113790512085,-0.6661235094070435,0.7985553741455078,0.1568027287721634
1.pdbbind2020/v2020-other-PL/4c94/4c94_protein.gninatypes,1.pdbbind2020/v2020-other-PL/4c94/4c94_ligand.gninatypes,0.04829557240009308,2.54874324798584,0.020692741498351097,0.33808642625808716,0.7496510744094849,-0.18712425231933594,-0.3099602162837982,-0.08386152237653732,-0.02596123516559601,-0.10203489661216736,-0.548022449016571,-0.10734344273805618,0.007254735566675663,0.4524858891963959,-0.7628132104873657,-0.02465617097914219,0.000658408273011446,0.0,-0.0,-0.0,-0.0,0.0,0.0,0.0,-0.0,-0.0,0.0,-0.0,0.0,-0.0,-0.0,0.0,-0.0,-0.0,-0.0,-0.0,-0.0,-0.0,-0.0,-0.0,-0.0,0.0,-0.0,0.0,-0.0,-0.0,0.0,-0.0,-0.0,-0.0,-0.0,-0.0,0.0,0.0,-0.0,0.0,-0.0,-0.0,-0.0,0.0,0.0,-0.0,0.0,2.1456186771392822,-0.022579094395041466,0.6194681525230408,0.01725797913968563
1.pdbbind2020/v2020-other-PL/2yc0/2yc0_protein.gninatypes,1.pdbbind2020/v2020-other-PL/2yc0/2yc0_ligand.gninatypes,0.401699036359787,1.6069555282592773,0.021495353430509567,0.2802508771419525,1.1238808631896973,-0.07839933037757874,-0.04808223247528076,-0.10615263879299164,-0.04814257100224495,-0.40138208866119385,-0.06251362711191177,0.023450614884495735,0.0,0.001260610530152917,-0.10795622318983078,0.0,-0.0,0.03660489618778229,-0.430632084608078,-0.0,0.0,0.0,0.0,0.0,0.0,-0.0,0.0,-0.0,-0.0,0.0,-0.0,0.0,-0.0,0.0,0.0,0.0,-0.0,-0.0,0.0,-0.0,-0.0,0.0,-0.0,0.0,0.0,-0.0,0.0,-0.0,-0.0,-0.0,-0.0,-0.0,0.0,0.0,0.0,0.0,-0.0,-0.0,-0.0,-0.0,0.0,0.0,0.0,0.8774177432060242,-0.20081296563148499,0.18647925555706024,0.20150823891162872
1.pdbbind2020/v2020-other-PL/4nrm/4nrm_protein.gninatypes,1.pdbbind2020/v2020-other-PL/4nrm/4nrm_ligand.gninatypes,0.14420388638973236,1.720137357711792,0.019453085958957672,0.10705967992544174,1.1868252754211426,-0.0958571657538414,-0.04127300903201103,-0.03634379431605339,0.15524347126483917,-0.8691768646240234,-5.530561111299903e-07,5.433999376691645e-06,0.0,2.2456108581536682e-06,-0.0001350558886770159,-0.0,0.0,0.0,-0.0005932782078161836,-0.0,-0.0,0.0,0.0,0.0,0.0,-0.0,0.0,-0.0,0.0,-0.0,-0.0,0.0,0.0,0.0,-0.0,-0.0,-0.0,-0.0,-0.0,-0.0,0.0,0.0,-0.0,0.0,0.0,-0.0,0.0,-0.0,-0.0,-0.0,-0.0,-0.0,0.0,0.0,0.0,0.0,-0.0,0.0,-0.0,0.0,0.0,-0.0,0.0,1.1353509426116943,-0.11522699147462845,0.14230409264564514,0.08732876926660538
1.pdbbind2020/refined-set/1gvx/1gvx_protein.gninatypes,1.pdbbind2020/refined-set/1gvx/1gvx_ligand.gninatypes,-0.07341334223747253,1.7932026386260986,-0.02148100547492504,0.4783770442008972,1.332045555114746,0.03159485384821892,0.6102975010871887,-0.07160665839910507,-0.10562518239021301,0.35059887170791626,-0.09294150024652481,0.14690840244293213,-0.5056071281433105,0.0033189551904797554,0.027576114982366562,0.007722962182015181,-0.0,-0.0,-0.0,-0.0,-0.0,0.0,0.0,0.0,-0.0,-0.0,-0.0,0.0,0.0,0.0,0.0,-0.0,0.0,0.0,0.0,-0.0,0.0,-0.0,-0.0,-0.0,0.0,0.0,0.0,0.0,0.0,-0.0,-0.0,0.0,0.0,-0.0,-0.0,-0.0,0.0,0.0,-0.0,-0.0,-0.0,0.0,-0.0,-0.0,0.0,0.0,-0.0,2.922821283340454,-1.4675978422164917,1.2508853673934937,0.4211510121822357
1.pdbbind2020/v2020-other-PL/3smq/3smq_protein.gninatypes,1.pdbbind2020/v2020-other-PL/3smq/3smq_ligand.gninatypes,0.35443270206451416,2.6729037761688232,0.007733452599495649,0.4876280725002289,1.1302772760391235,-0.10539371520280838,0.003903633216395974,-0.05143085867166519,0.4539134204387665,-0.25535520911216736,-0.2659420669078827,0.002697448944672942,-0.0,0.26672953367233276,-0.08962897956371307,-0.0,-0.0,-0.0,-0.0,0.0,0.0,0.0,-0.21376068890094757,-0.041635848581790924,0.0,-0.0,0.0,0.0,0.0,-0.0,-0.0,-0.0,-0.0,-0.0,0.0,0.0,-0.0,-0.0,0.0,-0.0,-0.0,-0.0,-0.0,-0.0,-0.0,0.0,-0.0,0.0,-0.0,-0.0,-0.0,-0.0,0.0,0.0,-0.0,0.0,0.0,0.0,-0.0,0.0,0.0,0.0,-0.0,1.2192423343658447,-0.28578564524650574,0.537156343460083,0.11003749817609787
1.pdbbind2020/v2020-other-PL/6tim/6tim_protein.gninatypes,1.pdbbind2020/v2020-other-PL/6tim/6tim_ligand.gninatypes,0.3746015131473541,1.4462095499038696,0.028589490801095963,0.0,2.119227886199951,-0.0958501398563385,-0.03771962225437164,-0.0,0.10949057340621948,-1.1836869716644287,-0.0,0.0,0.0,0.0,-0.0,-0.0,0.0,0.0,-0.0,-0.0,0.0,0.0,0.0,0.00018520340381655842,-0.0,-0.0,0.0,-0.0,0.03518174588680267,0.2286081612110138,-0.0,0.0,0.0,0.0,-0.0,0.0,-0.0,-0.0,-0.0,-0.0,-0.0,0.0,-0.0,0.0,-0.0,-0.0,0.0,-0.0,-0.0,-0.0,-0.0,-0.0,0.0,0.0,-0.0,0.0,-0.0,0.0,-0.0,-0.0,0.0,-0.0,0.0,0.8726626038551331,-0.26077428460121155,0.0,-0.00472194142639637
1.pdbbind2020/refined-set/6fyz/6fyz_protein.gninatypes,1.pdbbind2020/refined-set/6fyz/6fyz_ligand.gninatypes,0.5167761445045471,3.4237141609191895,0.017750218510627747,1.5500099658966064,0.96245276927948,-0.20482805371284485,-0.3412415683269501,-0.007479234132915735,0.022968584671616554,-0.14585493505001068,-0.2589704990386963,0.11290293186903,-0.37174296379089355,0.30143922567367554,-0.11363578587770462,0.29198184609413147,-0.0027044760063290596,-0.004233780782669783,0.015010527335107327,-0.016363605856895447,-0.0006892757955938578,0.0,0.000580952619202435,-0.00012533756671473384,3.619218841777183e-05,1.570890708535444e-05,-0.0,-0.0,0.0,-0.0,-0.0,0.0,-0.0,-0.0,0.02643943578004837,0.049350954592227936,-0.0064615062437951565,-4.742546479974408e-06,-0.0006325290887616575,-0.007055576890707016,-0.0,0.0,-0.0,0.0,-0.0,-0.0,-0.0,0.0,-0.0,0.0,-0.0,-0.0,0.0,0.0,-0.0,0.0,0.005689055193215609,0.22319161891937256,-0.17114625871181488,0.0012719020014628768,-0.0,0.0,0.0,1.964501142501831,-0.2904144823551178,0.7968440651893616,0.10875295102596283
